country_code,indicator_code,year,impact_value
AFE,SH.STA.AIRP.P5,2019,158.428355555057
AFG,SH.STA.AIRP.P5,2019,265.7
AFW,SH.STA.AIRP.P5,2019,182.838948313298
AGO,SH.STA.AIRP.P5,2019,142.8
ALB,SH.STA.AIRP.P5,2019,92.5
ARB,SH.STA.AIRP.P5,2019,103.775508952357
ARE,SH.STA.AIRP.P5,2019,70.0
ARG,SH.STA.AIRP.P5,2019,29.7
ARM,SH.STA.AIRP.P5,2019,74.5
ATG,SH.STA.AIRP.P5,2019,19.3
AUS,SH.STA.AIRP.P5,2019,9.8
AUT,SH.STA.AIRP.P5,2019,17.5
AZE,SH.STA.AIRP.P5,2019,125.2
BDI,SH.STA.AIRP.P5,2019,205.9
BEL,SH.STA.AIRP.P5,2019,15.3
BEN,SH.STA.AIRP.P5,2019,201.8
BFA,SH.STA.AIRP.P5,2019,201.3
BGD,SH.STA.AIRP.P5,2019,143.9
BGR,SH.STA.AIRP.P5,2019,62.9
BHR,SH.STA.AIRP.P5,2019,68.1
BHS,SH.STA.AIRP.P5,2019,10.4
BIH,SH.STA.AIRP.P5,2019,113.9
BLR,SH.STA.AIRP.P5,2019,69.9
BLZ,SH.STA.AIRP.P5,2019,41.0
BOL,SH.STA.AIRP.P5,2019,77.1
BRA,SH.STA.AIRP.P5,2019,28.9
BRB,SH.STA.AIRP.P5,2019,18.8
BRN,SH.STA.AIRP.P5,2019,19.6
BTN,SH.STA.AIRP.P5,2019,94.3
BWA,SH.STA.AIRP.P5,2019,140.7
CAF,SH.STA.AIRP.P5,2019,305.1
CAN,SH.STA.AIRP.P5,2019,8.1
CEB,SH.STA.AIRP.P5,2019,44.8659906651865
CHE,SH.STA.AIRP.P5,2019,10.4
CHL,SH.STA.AIRP.P5,2019,17.9
CHN,SH.STA.AIRP.P5,2019,95.3
CIV,SH.STA.AIRP.P5,2019,186.5
CMR,SH.STA.AIRP.P5,2019,206.7
COD,SH.STA.AIRP.P5,2019,209.8
COG,SH.STA.AIRP.P5,2019,170.4
COL,SH.STA.AIRP.P5,2019,31.3
COM,SH.STA.AIRP.P5,2019,164.6
CPV,SH.STA.AIRP.P5,2019,91.2
CRI,SH.STA.AIRP.P5,2019,17.8
CSS,SH.STA.AIRP.P5,2019,40.7019406686502
CUB,SH.STA.AIRP.P5,2019,41.9
CYP,SH.STA.AIRP.P5,2019,15.8
CZE,SH.STA.AIRP.P5,2019,32.5
DEU,SH.STA.AIRP.P5,2019,14.7
DJI,SH.STA.AIRP.P5,2019,177.9
DNK,SH.STA.AIRP.P5,2019,12.9
DOM,SH.STA.AIRP.P5,2019,41.3
DZA,SH.STA.AIRP.P5,2019,49.7
EAP,SH.STA.AIRP.P5,2019,104.758497712364
EAR,SH.STA.AIRP.P5,2019,126.808580206607
EAS,SH.STA.AIRP.P5,2019,96.342990849924
ECA,SH.STA.AIRP.P5,2019,86.3107520653828
ECS,SH.STA.AIRP.P5,2019,44.7209694970376
ECU,SH.STA.AIRP.P5,2019,28.1
EGY,SH.STA.AIRP.P5,2019,105.6
EMU,SH.STA.AIRP.P5,2019,13.9946070960159
ERI,SH.STA.AIRP.P5,2019,237.4
ESP,SH.STA.AIRP.P5,2019,10.1
EST,SH.STA.AIRP.P5,2019,12.8
ETH,SH.STA.AIRP.P5,2019,142.5
EUU,SH.STA.AIRP.P5,2019,20.2426533467097
FCS,SH.STA.AIRP.P5,2019,167.436755454096
FIN,SH.STA.AIRP.P5,2019,7.4
FJI,SH.STA.AIRP.P5,2019,118.7
FRA,SH.STA.AIRP.P5,2019,10.0
FSM,SH.STA.AIRP.P5,2019,254.0
GAB,SH.STA.AIRP.P5,2019,78.3
GBR,SH.STA.AIRP.P5,2019,13.4
GEO,SH.STA.AIRP.P5,2019,92.8
GHA,SH.STA.AIRP.P5,2019,193.6
GIN,SH.STA.AIRP.P5,2019,238.0
GMB,SH.STA.AIRP.P5,2019,220.5
GNB,SH.STA.AIRP.P5,2019,228.8
GNQ,SH.STA.AIRP.P5,2019,165.7
GRC,SH.STA.AIRP.P5,2019,23.0
GRD,SH.STA.AIRP.P5,2019,47.4
GTM,SH.STA.AIRP.P5,2019,91.0
GUY,SH.STA.AIRP.P5,2019,95.7
HIC,SH.STA.AIRP.P5,2019,24.4204023355218
HND,SH.STA.AIRP.P5,2019,112.5
HPC,SH.STA.AIRP.P5,2019,181.850593685821
HRV,SH.STA.AIRP.P5,2019,31.3
HTI,SH.STA.AIRP.P5,2019,206.4
HUN,SH.STA.AIRP.P5,2019,42.3
IBD,SH.STA.AIRP.P5,2019,98.6437247532736
IBT,SH.STA.AIRP.P5,2019,118.559996377422
IDA,SH.STA.AIRP.P5,2019,173.787016322291
IDB,SH.STA.AIRP.P5,2019,175.202347314304
IDN,SH.STA.AIRP.P5,2019,96.1
IDX,SH.STA.AIRP.P5,2019,173.02026742926
IND,SH.STA.AIRP.P5,2019,139.3
IRL,SH.STA.AIRP.P5,2019,12.8
IRN,SH.STA.AIRP.P5,2019,58.1
IRQ,SH.STA.AIRP.P5,2019,89.7
ISL,SH.STA.AIRP.P5,2019,8.2
ISR,SH.STA.AIRP.P5,2019,15.1
ITA,SH.STA.AIRP.P5,2019,15.0
JAM,SH.STA.AIRP.P5,2019,35.9
JOR,SH.STA.AIRP.P5,2019,38.7
JPN,SH.STA.AIRP.P5,2019,11.8
KAZ,SH.STA.AIRP.P5,2019,83.4
KEN,SH.STA.AIRP.P5,2019,131.9
KGZ,SH.STA.AIRP.P5,2019,124.9
KHM,SH.STA.AIRP.P5,2019,163.3
KIR,SH.STA.AIRP.P5,2019,246.6
KOR,SH.STA.AIRP.P5,2019,18.9
KWT,SH.STA.AIRP.P5,2019,45.2
LAC,SH.STA.AIRP.P5,2019,42.4612853399571
LAO,SH.STA.AIRP.P5,2019,195.3
LBN,SH.STA.AIRP.P5,2019,58.6
LBR,SH.STA.AIRP.P5,2019,152.7
LBY,SH.STA.AIRP.P5,2019,53.9
LCA,SH.STA.AIRP.P5,2019,27.7
LCN,SH.STA.AIRP.P5,2019,41.0646854316018
LDC,SH.STA.AIRP.P5,2019,175.981216880899
LIC,SH.STA.AIRP.P5,2019,195.923222339485
LKA,SH.STA.AIRP.P5,2019,91.6
LMC,SH.STA.AIRP.P5,2019,147.956098310045
LMY,SH.STA.AIRP.P5,2019,121.230536035516
LSO,SH.STA.AIRP.P5,2019,288.3
LTE,SH.STA.AIRP.P5,2019,82.4779641953252
LTU,SH.STA.AIRP.P5,2019,38.8
LUX,SH.STA.AIRP.P5,2019,12.5
LVA,SH.STA.AIRP.P5,2019,40.1
MAR,SH.STA.AIRP.P5,2019,66.6
MDA,SH.STA.AIRP.P5,2019,68.9
MDG,SH.STA.AIRP.P5,2019,208.0
MDV,SH.STA.AIRP.P5,2019,32.0
MEA,SH.STA.AIRP.P5,2019,127.480639969079
MEX,SH.STA.AIRP.P5,2019,44.7
MIC,SH.STA.AIRP.P5,2019,114.079060365971
MKD,SH.STA.AIRP.P5,2019,95.6
MLI,SH.STA.AIRP.P5,2019,167.1
MLT,SH.STA.AIRP.P5,2019,20.9
MMR,SH.STA.AIRP.P5,2019,184.1
MNA,SH.STA.AIRP.P5,2019,132.461520606076
MNE,SH.STA.AIRP.P5,2019,115.2
MNG,SH.STA.AIRP.P5,2019,214.7
MOZ,SH.STA.AIRP.P5,2019,228.4
MRT,SH.STA.AIRP.P5,2019,128.4
MUS,SH.STA.AIRP.P5,2019,34.7
MWI,SH.STA.AIRP.P5,2019,148.5
MYS,SH.STA.AIRP.P5,2019,76.5
NAC,SH.STA.AIRP.P5,2019,13.5761693296771
NAM,SH.STA.AIRP.P5,2019,142.5
NER,SH.STA.AIRP.P5,2019,213.3
NGA,SH.STA.AIRP.P5,2019,165.2
NIC,SH.STA.AIRP.P5,2019,84.4
NLD,SH.STA.AIRP.P5,2019,13.1
NOR,SH.STA.AIRP.P5,2019,7.9
NPL,SH.STA.AIRP.P5,2019,177.9
NZL,SH.STA.AIRP.P5,2019,12.2
OED,SH.STA.AIRP.P5,2019,20.141339661698
OMN,SH.STA.AIRP.P5,2019,104.0
OSS,SH.STA.AIRP.P5,2019,92.4358636685935
PAK,SH.STA.AIRP.P5,2019,192.1
PAN,SH.STA.AIRP.P5,2019,27.3
PER,SH.STA.AIRP.P5,2019,37.9
PHL,SH.STA.AIRP.P5,2019,202.8
PNG,SH.STA.AIRP.P5,2019,189.6
POL,SH.STA.AIRP.P5,2019,40.9
PRE,SH.STA.AIRP.P5,2019,176.813388117854
PRK,SH.STA.AIRP.P5,2019,212.8
PRT,SH.STA.AIRP.P5,2019,10.0
PRY,SH.STA.AIRP.P5,2019,55.6
PSS,SH.STA.AIRP.P5,2019,194.73726608183
PST,SH.STA.AIRP.P5,2019,17.9212228896057
QAT,SH.STA.AIRP.P5,2019,90.8
ROU,SH.STA.AIRP.P5,2019,67.8
RUS,SH.STA.AIRP.P5,2019,67.1
RWA,SH.STA.AIRP.P5,2019,165.8
SAS,SH.STA.AIRP.P5,2019,139.753857800737
SAU,SH.STA.AIRP.P5,2019,91.1
SDN,SH.STA.AIRP.P5,2019,145.3
SEN,SH.STA.AIRP.P5,2019,146.4
SGP,SH.STA.AIRP.P5,2019,23.4
SLB,SH.STA.AIRP.P5,2019,281.2
SLE,SH.STA.AIRP.P5,2019,239.0
SLV,SH.STA.AIRP.P5,2019,40.3
SOM,SH.STA.AIRP.P5,2019,237.9
SRB,SH.STA.AIRP.P5,2019,71.5
SSA,SH.STA.AIRP.P5,2019,171.292096963615
SSD,SH.STA.AIRP.P5,2019,134.5
SSF,SH.STA.AIRP.P5,2019,168.356267195049
SST,SH.STA.AIRP.P5,2019,94.0238043519834
STP,SH.STA.AIRP.P5,2019,225.4
SUR,SH.STA.AIRP.P5,2019,51.0
SVK,SH.STA.AIRP.P5,2019,30.3
SVN,SH.STA.AIRP.P5,2019,18.8
SWE,SH.STA.AIRP.P5,2019,8.1
SWZ,SH.STA.AIRP.P5,2019,173.7
SYC,SH.STA.AIRP.P5,2019,43.1
SYR,SH.STA.AIRP.P5,2019,94.5
TCD,SH.STA.AIRP.P5,2019,227.4
TEA,SH.STA.AIRP.P5,2019,103.410042138667
TEC,SH.STA.AIRP.P5,2019,74.9033458868225
TGO,SH.STA.AIRP.P5,2019,223.1
THA,SH.STA.AIRP.P5,2019,46.5
TJK,SH.STA.AIRP.P5,2019,203.8
TKM,SH.STA.AIRP.P5,2019,87.9
TLA,SH.STA.AIRP.P5,2019,41.0690744511725
TLS,SH.STA.AIRP.P5,2019,185.6
TMN,SH.STA.AIRP.P5,2019,132.461520606076
TON,SH.STA.AIRP.P5,2019,52.3
TSA,SH.STA.AIRP.P5,2019,139.753857800737
TSS,SH.STA.AIRP.P5,2019,168.356267195049
TTO,SH.STA.AIRP.P5,2019,19.8
TUN,SH.STA.AIRP.P5,2019,55.9
TUR,SH.STA.AIRP.P5,2019,45.5
TZA,SH.STA.AIRP.P5,2019,128.3
UGA,SH.STA.AIRP.P5,2019,163.0
UKR,SH.STA.AIRP.P5,2019,78.9
UMC,SH.STA.AIRP.P5,2019,78.2942876395325
URY,SH.STA.AIRP.P5,2019,16.2
USA,SH.STA.AIRP.P5,2019,14.2
UZB,SH.STA.AIRP.P5,2019,151.7
VCT,SH.STA.AIRP.P5,2019,34.4
VEN,SH.STA.AIRP.P5,2019,37.9
VNM,SH.STA.AIRP.P5,2019,102.8
VUT,SH.STA.AIRP.P5,2019,259.9
WLD,SH.STA.AIRP.P5,2019,104.306865040051
WSM,SH.STA.AIRP.P5,2019,145.5
YEM,SH.STA.AIRP.P5,2019,186.3
ZAF,SH.STA.AIRP.P5,2019,74.9
ZMB,SH.STA.AIRP.P5,2019,174.0
ZWE,SH.STA.AIRP.P5,2019,189.6
LVA,DALY_PM25,2010,19.769
LVA,DALY_PM25,2011,18.736
LVA,DALY_PM25,2012,17.613
LVA,DALY_PM25,2013,16.683
LVA,DALY_PM25,2014,15.115
LVA,DALY_PM25,2015,13.754
LVA,DALY_PM25,2016,11.994
LVA,DALY_PM25,2017,11.193
LVA,DALY_PM25,2018,11.323
LVA,DALY_PM25,2019,11.632
NLD,DALY_PM25,2010,7.415
NLD,DALY_PM25,2011,7.141
CHE,DALY_PM25,2010,5.076
CHE,DALY_PM25,2011,4.905
CHE,DALY_PM25,2012,4.752
CHE,DALY_PM25,2013,4.557
CHE,DALY_PM25,2014,4.288
CHE,DALY_PM25,2015,4.029
CHE,DALY_PM25,2016,3.529
CHE,DALY_PM25,2017,3.2
G20,DALY_PM25,2010,15.302
G20,DALY_PM25,2011,15.63
G20,DALY_PM25,2012,16.02
G20,DALY_PM25,2013,16.372
G20,DALY_PM25,2014,16.502
EU27,DALY_PM25,2017,7.861
EU27,DALY_PM25,2018,7.905
EU27,DALY_PM25,2019,7.957
DZA,DALY_PM25,2018,14.91
DZA,DALY_PM25,2019,14.968
AND,DALY_PM25,2010,3.552
AND,DALY_PM25,2011,3.301
AND,DALY_PM25,2012,3.241
AND,DALY_PM25,2013,3.295
AND,DALY_PM25,2014,3.343
AND,DALY_PM25,2015,3.353
AND,DALY_PM25,2016,3.145
AND,DALY_PM25,2017,2.993
AND,DALY_PM25,2018,3.072
AND,DALY_PM25,2019,3.16
ATG,DALY_PM25,2013,7.813
ATG,DALY_PM25,2014,8.075
ATG,DALY_PM25,2015,8.162
ATG,DALY_PM25,2016,8.014
ATG,DALY_PM25,2017,7.904
ATG,DALY_PM25,2018,8.03
ATG,DALY_PM25,2019,8.306
BLR,DALY_PM25,2010,30.789
BLR,DALY_PM25,2011,30.821
BMU,DALY_PM25,2012,2.579
BMU,DALY_PM25,2013,2.594
BMU,DALY_PM25,2014,2.609
BMU,DALY_PM25,2015,2.627
BMU,DALY_PM25,2016,2.748
BMU,DALY_PM25,2017,2.888
BMU,DALY_PM25,2018,2.909
BMU,DALY_PM25,2019,2.872
BRA,DALY_PM25,2011,6.677
BRA,DALY_PM25,2012,6.36
BRA,DALY_PM25,2013,6.074
BRA,DALY_PM25,2014,5.787
BRA,DALY_PM25,2015,5.669
BRA,DALY_PM25,2016,5.763
BRA,DALY_PM25,2017,5.696
BRA,DALY_PM25,2018,5.726
BRA,DALY_PM25,2019,5.799
CIV,DALY_PM25,2011,14.184
CIV,DALY_PM25,2012,15.165
CIV,DALY_PM25,2013,16.479
CIV,DALY_PM25,2014,17.203
CIV,DALY_PM25,2015,17.176
CIV,DALY_PM25,2016,15.644
CIV,DALY_PM25,2017,14.385
CIV,DALY_PM25,2018,14.078
CIV,DALY_PM25,2019,14.081
CUB,DALY_PM25,2010,10.639
CUB,DALY_PM25,2011,10.319
CUB,DALY_PM25,2012,10.953
CUB,DALY_PM25,2013,11.507
CUB,DALY_PM25,2014,12.072
CUB,DALY_PM25,2015,12.707
CUB,DALY_PM25,2016,12.417
CUB,DALY_PM25,2017,12.383
CUB,DALY_PM25,2018,12.314
CUB,DALY_PM25,2019,12.053
COD,DALY_PM25,2010,5.129
COD,DALY_PM25,2011,5.23
COD,DALY_PM25,2012,5.618
COD,DALY_PM25,2013,6.009
COD,DALY_PM25,2014,6.233
DJI,DALY_PM25,2013,22.392
DJI,DALY_PM25,2014,22.008
DJI,DALY_PM25,2015,21.912
DJI,DALY_PM25,2016,21.666
DJI,DALY_PM25,2017,21.448
DJI,DALY_PM25,2018,21.373
DJI,DALY_PM25,2019,21.413
EGY,DALY_PM25,2013,30.779
EGY,DALY_PM25,2014,30.118
EGY,DALY_PM25,2015,30.907
EGY,DALY_PM25,2016,29.686
EGY,DALY_PM25,2017,28.698
EGY,DALY_PM25,2018,28.358
EGY,DALY_PM25,2019,28.166
GNQ,DALY_PM25,2019,12.502
GAB,DALY_PM25,2010,16.263
GEO,DALY_PM25,2019,17.643
IND,DALY_PM25,2018,22.171
IND,DALY_PM25,2019,22.796
IDN,DALY_PM25,2016,11.437
IDN,DALY_PM25,2017,11.308
IDN,DALY_PM25,2018,11.541
IDN,DALY_PM25,2019,12.069
IRN,DALY_PM25,2015,15.151
IRN,DALY_PM25,2016,14.585
IRN,DALY_PM25,2017,14.263
IRN,DALY_PM25,2018,14.08
IRN,DALY_PM25,2019,14.03
JOR,DALY_PM25,2011,10.068
JOR,DALY_PM25,2012,9.905
JOR,DALY_PM25,2013,9.774
JOR,DALY_PM25,2014,9.841
JOR,DALY_PM25,2015,9.86
JOR,DALY_PM25,2016,10.096
JOR,DALY_PM25,2017,10.216
JOR,DALY_PM25,2018,10.369
JOR,DALY_PM25,2019,10.603
KWT,DALY_PM25,2010,12.621
KWT,DALY_PM25,2011,11.851
KWT,DALY_PM25,2012,11.953
KWT,DALY_PM25,2013,11.775
KWT,DALY_PM25,2014,11.616
LAO,DALY_PM25,2012,7.509
LAO,DALY_PM25,2013,7.177
LAO,DALY_PM25,2014,6.881
LAO,DALY_PM25,2015,6.677
LAO,DALY_PM25,2016,6.497
LAO,DALY_PM25,2017,6.354
LAO,DALY_PM25,2018,6.518
LAO,DALY_PM25,2019,6.966
LSO,DALY_PM25,2018,15.621
LSO,DALY_PM25,2019,15.382
MYS,DALY_PM25,2010,9.148
MYS,DALY_PM25,2011,9.198
NAM,DALY_PM25,2010,11.746
NAM,DALY_PM25,2011,11.675
NAM,DALY_PM25,2012,11.624
NAM,DALY_PM25,2013,11.814
NAM,DALY_PM25,2014,11.878
NAM,DALY_PM25,2015,11.851
NAM,DALY_PM25,2016,11.637
NAM,DALY_PM25,2017,11.366
NAM,DALY_PM25,2018,11.11
NAM,DALY_PM25,2019,10.815
PRK,DALY_PM25,2010,16.113
PRK,DALY_PM25,2011,16.831
ASM,DALY_PM25,2010,3.641
ASM,DALY_PM25,2011,3.709
NRU,DALY_PM25,2010,5.802
NRU,DALY_PM25,2011,5.6
NRU,DALY_PM25,2012,5.394
NRU,DALY_PM25,2013,5.037
NRU,DALY_PM25,2014,4.521
NRU,DALY_PM25,2015,4.277
NRU,DALY_PM25,2016,4.199
COL,DALY_PM25,2010,7.324
COL,DALY_PM25,2011,7.024
COL,DALY_PM25,2012,6.965
COL,DALY_PM25,2013,6.872
COL,DALY_PM25,2014,6.774
COL,DALY_PM25,2015,6.831
COL,DALY_PM25,2016,6.759
COL,DALY_PM25,2017,6.739
COL,DALY_PM25,2018,6.812
COL,DALY_PM25,2019,6.93
CRI,DALY_PM25,2010,4.669
CRI,DALY_PM25,2011,4.582
CRI,DALY_PM25,2012,4.65
CRI,DALY_PM25,2013,4.761
CRI,DALY_PM25,2014,4.852
CRI,DALY_PM25,2015,5.027
CRI,DALY_PM25,2016,5.142
CRI,DALY_PM25,2017,5.069
CRI,DALY_PM25,2018,5.152
CRI,DALY_PM25,2019,5.216
FRA,DALY_PM25,2010,5.622
FRA,DALY_PM25,2011,5.479
FRA,DALY_PM25,2012,5.247
FRA,DALY_PM25,2013,4.923
FRA,DALY_PM25,2014,4.559
FRA,DALY_PM25,2015,4.38
FRA,DALY_PM25,2016,4.034
FRA,DALY_PM25,2017,3.915
FRA,DALY_PM25,2018,3.913
FRA,DALY_PM25,2019,3.95
GRC,DALY_PM25,2010,13.151
GRC,DALY_PM25,2011,13.127
GRC,DALY_PM25,2012,12.86
GRC,DALY_PM25,2013,12.113
GRC,DALY_PM25,2014,11.453
GRC,DALY_PM25,2015,11.061
GRC,DALY_PM25,2016,10.464
GRC,DALY_PM25,2017,10.158
GRC,DALY_PM25,2018,10.292
GRC,DALY_PM25,2019,10.37
HUN,DALY_PM25,2010,19.807
HUN,DALY_PM25,2011,19.349
HUN,DALY_PM25,2012,18.792
HUN,DALY_PM25,2013,17.809
HUN,DALY_PM25,2014,17.37
HUN,DALY_PM25,2015,17.297
HUN,DALY_PM25,2016,16.303
HUN,DALY_PM25,2017,16.132
HUN,DALY_PM25,2018,16.27
HUN,DALY_PM25,2019,16.001
CZE,DALY_PM25,2010,15.653
CZE,DALY_PM25,2011,15.455
CZE,DALY_PM25,2012,14.996
CZE,DALY_PM25,2013,14.47
CZE,DALY_PM25,2014,13.71
CZE,DALY_PM25,2015,13.442
CZE,DALY_PM25,2016,12.968
CZE,DALY_PM25,2017,12.783
CZE,DALY_PM25,2018,13.017
CZE,DALY_PM25,2019,13.082
DEU,DALY_PM25,2010,9.497
DEU,DALY_PM25,2011,9.206
DEU,DALY_PM25,2012,8.759
DEU,DALY_PM25,2013,8.295
DEU,DALY_PM25,2014,7.676
DEU,DALY_PM25,2015,7.398
DEU,DALY_PM25,2016,7.006
DEU,DALY_PM25,2017,6.777
DEU,DALY_PM25,2018,6.777
DEU,DALY_PM25,2019,6.821
EST,DALY_PM25,2010,5.434
EST,DALY_PM25,2011,5.2
EST,DALY_PM25,2012,4.705
EST,DALY_PM25,2013,3.994
EST,DALY_PM25,2014,3.532
EST,DALY_PM25,2015,2.988
EST,DALY_PM25,2016,2.58
EST,DALY_PM25,2017,2.321
EST,DALY_PM25,2018,2.348
EST,DALY_PM25,2019,2.466
FIN,DALY_PM25,2010,2.792
FIN,DALY_PM25,2011,2.624
FIN,DALY_PM25,2012,2.335
FIN,DALY_PM25,2013,1.99
FIN,DALY_PM25,2014,1.663
FIN,DALY_PM25,2015,1.42
FIN,DALY_PM25,2016,1.266
FIN,DALY_PM25,2017,1.193
FIN,DALY_PM25,2018,1.258
FIN,DALY_PM25,2019,1.448
ISR,DALY_PM25,2010,7.098
ISR,DALY_PM25,2011,7.061
ISR,DALY_PM25,2012,6.891
ISR,DALY_PM25,2013,6.698
ISR,DALY_PM25,2014,6.478
ISR,DALY_PM25,2015,6.378
ISR,DALY_PM25,2016,5.992
ISR,DALY_PM25,2017,5.738
ISR,DALY_PM25,2018,5.759
DNK,DALY_PM25,2010,7.023
DNK,DALY_PM25,2011,6.559
DNK,DALY_PM25,2012,5.94
DNK,DALY_PM25,2013,5.306
DNK,DALY_PM25,2014,4.765
DNK,DALY_PM25,2015,4.538
DNK,DALY_PM25,2016,4.631
DNK,DALY_PM25,2017,4.724
DNK,DALY_PM25,2018,4.685
DNK,DALY_PM25,2019,4.499
CHL,DALY_PM25,2010,6.758
CHL,DALY_PM25,2011,6.836
CHL,DALY_PM25,2012,7.006
CHL,DALY_PM25,2013,7.246
CHL,DALY_PM25,2014,7.385
CHL,DALY_PM25,2015,7.432
CHL,DALY_PM25,2016,7.123
CHL,DALY_PM25,2017,7.04
CHL,DALY_PM25,2018,7.161
CHL,DALY_PM25,2019,7.423
ISL,DALY_PM25,2010,1.461
ISL,DALY_PM25,2011,1.397
ISL,DALY_PM25,2012,1.315
ISL,DALY_PM25,2013,1.207
ISL,DALY_PM25,2014,1.096
ISL,DALY_PM25,2015,1.051
ISL,DALY_PM25,2016,1.026
ISL,DALY_PM25,2017,1.027
ISL,DALY_PM25,2018,1.033
ISL,DALY_PM25,2019,1.04
IRL,DALY_PM25,2010,3.327
IRL,DALY_PM25,2011,3.283
IRL,DALY_PM25,2012,3.124
IRL,DALY_PM25,2013,2.939
IRL,DALY_PM25,2014,2.729
IRL,DALY_PM25,2015,2.558
IRL,DALY_PM25,2016,2.307
IRL,DALY_PM25,2017,2.175
IRL,DALY_PM25,2018,2.214
IRL,DALY_PM25,2019,2.339
BEL,DALY_PM25,2010,8.961
BEL,DALY_PM25,2011,8.656
BEL,DALY_PM25,2012,8.161
BEL,DALY_PM25,2013,7.479
BEL,DALY_PM25,2014,6.77
BEL,DALY_PM25,2015,6.452
BEL,DALY_PM25,2016,6.22
BEL,DALY_PM25,2017,6.18
BEL,DALY_PM25,2018,6.157
BEL,DALY_PM25,2019,6.189
CAN,DALY_PM25,2010,2.6
CAN,DALY_PM25,2011,2.459
CAN,DALY_PM25,2012,2.357
CAN,DALY_PM25,2013,2.264
CAN,DALY_PM25,2014,2.208
CAN,DALY_PM25,2015,2.179
CAN,DALY_PM25,2016,2.219
CAN,DALY_PM25,2017,2.251
CAN,DALY_PM25,2018,2.282
CAN,DALY_PM25,2019,2.234
BMU,DALY_PM25,2010,2.559
BMU,DALY_PM25,2011,2.585
UKR,DALY_PM25,2010,25.689
UKR,DALY_PM25,2011,24.484
UKR,DALY_PM25,2012,24.091
UKR,DALY_PM25,2013,23.436
UKR,DALY_PM25,2014,21.5
UKR,DALY_PM25,2015,25.369
UKR,DALY_PM25,2016,22.812
UKR,DALY_PM25,2017,21.257
UKR,DALY_PM25,2018,21.685
UKR,DALY_PM25,2019,21.685
AUT,DALY_PM25,2017,5.305
AUT,DALY_PM25,2018,5.295
AUT,DALY_PM25,2019,5.423
LUX,DALY_PM25,2010,5.493
LUX,DALY_PM25,2011,5.257
LUX,DALY_PM25,2012,4.909
LUX,DALY_PM25,2013,4.502
LUX,DALY_PM25,2014,4.089
MEX,DALY_PM25,2010,7.279
MEX,DALY_PM25,2011,7.261
MEX,DALY_PM25,2012,7.406
MEX,DALY_PM25,2013,7.78
NZL,DALY_PM25,2011,1.481
NZL,DALY_PM25,2012,1.427
NZL,DALY_PM25,2013,1.367
NZL,DALY_PM25,2014,1.346
NZL,DALY_PM25,2015,1.297
NZL,DALY_PM25,2016,1.276
NZL,DALY_PM25,2017,1.287
NZL,DALY_PM25,2018,1.345
NZL,DALY_PM25,2019,1.39
PRT,DALY_PM25,2016,4.168
PRT,DALY_PM25,2017,4.082
PRT,DALY_PM25,2018,4.03
PRT,DALY_PM25,2019,4.023
SVN,DALY_PM25,2013,8.995
SVN,DALY_PM25,2014,8.412
SVN,DALY_PM25,2015,8.641
SVN,DALY_PM25,2016,8.25
SVN,DALY_PM25,2017,8.151
SVN,DALY_PM25,2018,8.299
SVN,DALY_PM25,2019,8.552
EA19,DALY_PM25,2010,7.998
EA19,DALY_PM25,2011,7.789
EA19,DALY_PM25,2012,7.475
EA19,DALY_PM25,2013,7.077
EA19,DALY_PM25,2014,6.644
EA19,DALY_PM25,2015,6.444
EU28,DALY_PM25,2016,7.577
EU28,DALY_PM25,2017,7.438
EU28,DALY_PM25,2018,7.48
EU28,DALY_PM25,2019,7.517
OECDA,DALY_PM25,2010,5.516
OECDA,DALY_PM25,2011,5.375
OECDA,DALY_PM25,2012,5.293
OECDA,DALY_PM25,2013,5.274
OECDA,DALY_PM25,2014,5.22
OECDA,DALY_PM25,2015,5.156
OECDA,DALY_PM25,2016,5.036
OECDA,DALY_PM25,2017,4.972
OECDA,DALY_PM25,2018,5.009
OECDE,DALY_PM25,2011,9.312
OECDE,DALY_PM25,2012,8.999
OECDE,DALY_PM25,2013,8.632
OECDE,DALY_PM25,2014,8.25
OECDE,DALY_PM25,2015,8.091
OECDE,DALY_PM25,2016,7.744
OECDE,DALY_PM25,2017,7.56
OECDE,DALY_PM25,2018,7.569
OECDE,DALY_PM25,2019,7.594
AZE,DALY_PM25,2019,22.382
BGD,DALY_PM25,2010,10.718
BGD,DALY_PM25,2011,10.933
BGD,DALY_PM25,2012,11.42
BGD,DALY_PM25,2013,12.075
BGD,DALY_PM25,2014,12.682
BLR,DALY_PM25,2012,26.477
BLR,DALY_PM25,2013,24.973
BLR,DALY_PM25,2014,23.513
BLR,DALY_PM25,2015,21.797
BLR,DALY_PM25,2016,20.171
BLR,DALY_PM25,2017,19.329
BLR,DALY_PM25,2018,19.15
BLR,DALY_PM25,2019,19.269
BEN,DALY_PM25,2018,10.324
BEN,DALY_PM25,2019,10.549
BOL,DALY_PM25,2010,11.455
BOL,DALY_PM25,2011,11.294
BOL,DALY_PM25,2012,11.101
BOL,DALY_PM25,2013,10.929
BGR,DALY_PM25,2010,30.909
BGR,DALY_PM25,2011,30.093
BGR,DALY_PM25,2012,28.826
BGR,DALY_PM25,2013,27.805
BGR,DALY_PM25,2014,28.096
BGR,DALY_PM25,2015,27.482
BGR,DALY_PM25,2016,27.296
BDI,DALY_PM25,2010,4.394
BDI,DALY_PM25,2011,4.415
BDI,DALY_PM25,2012,4.562
BDI,DALY_PM25,2013,4.707
KHM,DALY_PM25,2010,7.688
COM,DALY_PM25,2014,4.71
COM,DALY_PM25,2015,4.569
COM,DALY_PM25,2016,4.339
COM,DALY_PM25,2017,4.152
COM,DALY_PM25,2018,4.036
COM,DALY_PM25,2019,4.101
DMA,DALY_PM25,2016,11.35
DMA,DALY_PM25,2017,11.138
DMA,DALY_PM25,2018,11.306
DMA,DALY_PM25,2019,11.655
ECU,DALY_PM25,2013,7.26
ECU,DALY_PM25,2014,7.155
ECU,DALY_PM25,2015,7.087
ECU,DALY_PM25,2016,6.945
ECU,DALY_PM25,2017,6.8
ECU,DALY_PM25,2018,6.811
ECU,DALY_PM25,2019,6.987
FJI,DALY_PM25,2010,9.832
FJI,DALY_PM25,2011,9.975
FJI,DALY_PM25,2012,10.151
GMB,DALY_PM25,2011,7.677
GMB,DALY_PM25,2012,7.863
GMB,DALY_PM25,2013,8.094
GMB,DALY_PM25,2014,8.572
GMB,DALY_PM25,2015,8.399
GMB,DALY_PM25,2016,8.565
GMB,DALY_PM25,2017,8.721
GMB,DALY_PM25,2018,8.41
GMB,DALY_PM25,2019,8.169
GRL,DALY_PM25,2010,2.693
GRL,DALY_PM25,2011,2.687
GRL,DALY_PM25,2012,2.7
GRL,DALY_PM25,2013,2.737
GRL,DALY_PM25,2014,2.773
GRL,DALY_PM25,2015,2.809
GRL,DALY_PM25,2016,2.986
GRL,DALY_PM25,2017,3.149
GRL,DALY_PM25,2018,3.161
GRL,DALY_PM25,2019,3.073
GUY,DALY_PM25,2013,16.758
GUY,DALY_PM25,2014,17.39
GUY,DALY_PM25,2015,17.428
GUY,DALY_PM25,2016,17.162
GUY,DALY_PM25,2017,16.858
GUY,DALY_PM25,2018,16.69
GUY,DALY_PM25,2019,16.382
JAM,DALY_PM25,2013,7.006
JAM,DALY_PM25,2014,7.757
JAM,DALY_PM25,2015,7.938
JAM,DALY_PM25,2016,7.948
JAM,DALY_PM25,2017,7.968
JAM,DALY_PM25,2018,8.04
JAM,DALY_PM25,2019,8.173
KGZ,DALY_PM25,2010,13.112
KGZ,DALY_PM25,2011,12.955
KGZ,DALY_PM25,2012,12.956
LBN,DALY_PM25,2010,16.057
LBN,DALY_PM25,2011,15.559
LBN,DALY_PM25,2012,15.123
LBN,DALY_PM25,2013,14.653
LBN,DALY_PM25,2014,14.094
LBN,DALY_PM25,2015,13.494
LBN,DALY_PM25,2016,13.136
LBN,DALY_PM25,2017,12.783
LBN,DALY_PM25,2018,12.749
LBN,DALY_PM25,2019,12.75
LBR,DALY_PM25,2010,5.657
LBR,DALY_PM25,2011,5.811
LBR,DALY_PM25,2012,6.351
LBR,DALY_PM25,2013,6.781
LBR,DALY_PM25,2014,6.903
LBR,DALY_PM25,2015,6.774
LBR,DALY_PM25,2016,6.269
LBR,DALY_PM25,2017,5.716
MDV,DALY_PM25,2011,3.493
MDV,DALY_PM25,2012,3.234
MDV,DALY_PM25,2013,2.968
MDV,DALY_PM25,2014,2.758
MDV,DALY_PM25,2015,2.652
MDV,DALY_PM25,2016,2.861
MDV,DALY_PM25,2017,3.061
MDV,DALY_PM25,2018,3.072
MDV,DALY_PM25,2019,3.072
VIR,DALY_PM25,2010,5.929
VIR,DALY_PM25,2011,6.118
VIR,DALY_PM25,2012,6.363
VIR,DALY_PM25,2013,6.599
ARE,DALY_PM25,2010,8.301
ARE,DALY_PM25,2011,8.931
ARE,DALY_PM25,2012,9.644
ARE,DALY_PM25,2013,10.434
ARE,DALY_PM25,2014,11.089
ARE,DALY_PM25,2015,11.851
ARE,DALY_PM25,2016,12.465
ARE,DALY_PM25,2017,13.111
ARE,DALY_PM25,2018,13.864
ARE,DALY_PM25,2019,14.655
AUT,DALY_PM25,2010,7.717
AUT,DALY_PM25,2011,7.469
AUT,DALY_PM25,2012,7.203
AUT,DALY_PM25,2013,6.894
AUT,DALY_PM25,2014,6.547
AUT,DALY_PM25,2015,6.266
AUT,DALY_PM25,2016,5.7
LTU,DALY_PM25,2010,14.773
LTU,DALY_PM25,2011,14.447
LTU,DALY_PM25,2012,13.791
LTU,DALY_PM25,2013,13.197
LTU,DALY_PM25,2014,11.937
LTU,DALY_PM25,2015,11.337
LUX,DALY_PM25,2015,3.739
LUX,DALY_PM25,2016,3.408
LUX,DALY_PM25,2017,3.302
LUX,DALY_PM25,2018,3.356
LUX,DALY_PM25,2019,3.512
NLD,DALY_PM25,2012,6.761
NLD,DALY_PM25,2013,6.261
NLD,DALY_PM25,2014,5.789
NLD,DALY_PM25,2015,5.63
NLD,DALY_PM25,2016,5.613
NLD,DALY_PM25,2017,5.639
NLD,DALY_PM25,2018,5.633
NLD,DALY_PM25,2019,5.593
POL,DALY_PM25,2017,16.077
POL,DALY_PM25,2018,16.24
POL,DALY_PM25,2019,16.348
SVN,DALY_PM25,2010,9.575
SVN,DALY_PM25,2011,9.293
SVN,DALY_PM25,2012,9.248
GBR,DALY_PM25,2016,4.634
GBR,DALY_PM25,2017,4.62
GBR,DALY_PM25,2018,4.664
GBR,DALY_PM25,2019,4.616
EU28,DALY_PM25,2010,9.739
EU28,DALY_PM25,2011,9.424
EU28,DALY_PM25,2012,9.056
EU28,DALY_PM25,2013,8.562
EU28,DALY_PM25,2014,8.116
EU28,DALY_PM25,2015,7.922
OECDE,DALY_PM25,2010,9.546
ARG,DALY_PM25,2010,6.75
ARG,DALY_PM25,2011,6.787
BHR,DALY_PM25,2010,11.685
BHR,DALY_PM25,2011,11.877
BHR,DALY_PM25,2012,12.054
BHR,DALY_PM25,2013,12.245
BHR,DALY_PM25,2014,12.523
BHR,DALY_PM25,2015,12.925
BOL,DALY_PM25,2014,10.715
BOL,DALY_PM25,2015,10.517
BOL,DALY_PM25,2016,10.434
BOL,DALY_PM25,2017,10.464
BOL,DALY_PM25,2018,10.41
BOL,DALY_PM25,2019,10.422
BRA,DALY_PM25,2010,6.811
BGR,DALY_PM25,2017,27.131
BGR,DALY_PM25,2018,27.323
BGR,DALY_PM25,2019,27.348
BDI,DALY_PM25,2014,4.708
BDI,DALY_PM25,2015,4.534
BDI,DALY_PM25,2016,4.188
BDI,DALY_PM25,2017,3.971
BDI,DALY_PM25,2018,4.031
BDI,DALY_PM25,2019,4.058
KHM,DALY_PM25,2011,7.481
KHM,DALY_PM25,2012,7.352
KHM,DALY_PM25,2013,7.184
KHM,DALY_PM25,2014,7.088
KHM,DALY_PM25,2015,6.964
KHM,DALY_PM25,2016,6.811
KHM,DALY_PM25,2017,6.672
KHM,DALY_PM25,2018,6.754
KHM,DALY_PM25,2019,7.019
CAF,DALY_PM25,2010,10.391
CAF,DALY_PM25,2011,10.653
CAF,DALY_PM25,2012,10.886
CAF,DALY_PM25,2013,11.256
CAF,DALY_PM25,2014,11.431
CAF,DALY_PM25,2015,11.399
CAF,DALY_PM25,2016,10.86
CAF,DALY_PM25,2017,10.397
COD,DALY_PM25,2015,6.122
COD,DALY_PM25,2016,5.74
COD,DALY_PM25,2017,5.416
COD,DALY_PM25,2018,5.405
COD,DALY_PM25,2019,5.463
ECU,DALY_PM25,2010,7.572
ECU,DALY_PM25,2011,7.293
ECU,DALY_PM25,2012,7.32
SLV,DALY_PM25,2010,5.661
ERI,DALY_PM25,2010,16.141
ERI,DALY_PM25,2011,16.105
ERI,DALY_PM25,2012,16.13
ERI,DALY_PM25,2013,16.301
ERI,DALY_PM25,2014,16.413
ERI,DALY_PM25,2015,16.473
ERI,DALY_PM25,2016,16.797
ERI,DALY_PM25,2017,17.092
ETH,DALY_PM25,2015,3.728
ETH,DALY_PM25,2016,3.692
ETH,DALY_PM25,2017,3.703
ETH,DALY_PM25,2018,3.689
ETH,DALY_PM25,2019,3.673
GMB,DALY_PM25,2010,8.102
GHA,DALY_PM25,2017,16.789
GHA,DALY_PM25,2018,16.182
GHA,DALY_PM25,2019,15.982
GUM,DALY_PM25,2017,5.275
GUM,DALY_PM25,2018,5.377
GUM,DALY_PM25,2019,5.865
GIN,DALY_PM25,2016,10.603
GIN,DALY_PM25,2017,10.207
GIN,DALY_PM25,2018,9.979
GIN,DALY_PM25,2019,9.693
IRQ,DALY_PM25,2014,22.9
IRQ,DALY_PM25,2015,22.217
IRQ,DALY_PM25,2016,21.548
IRQ,DALY_PM25,2017,20.951
IRQ,DALY_PM25,2018,20.668
IRQ,DALY_PM25,2019,20.525
JOR,DALY_PM25,2010,10.322
KAZ,DALY_PM25,2010,17.386
KAZ,DALY_PM25,2011,17.134
KAZ,DALY_PM25,2012,16.92
KAZ,DALY_PM25,2013,16.49
KAZ,DALY_PM25,2014,16.009
KAZ,DALY_PM25,2015,15.604
KAZ,DALY_PM25,2016,15.102
KAZ,DALY_PM25,2017,14.57
KAZ,DALY_PM25,2018,14.607
KIR,DALY_PM25,2010,5.075
KIR,DALY_PM25,2011,5.018
KIR,DALY_PM25,2012,4.957
KIR,DALY_PM25,2013,4.9
KIR,DALY_PM25,2014,4.854
KIR,DALY_PM25,2015,4.829
KGZ,DALY_PM25,2013,12.96
KGZ,DALY_PM25,2014,12.835
KGZ,DALY_PM25,2015,12.561
KGZ,DALY_PM25,2016,11.664
KGZ,DALY_PM25,2017,11.336
KGZ,DALY_PM25,2018,11.304
KGZ,DALY_PM25,2019,11.473
MWI,DALY_PM25,2010,4.211
MWI,DALY_PM25,2011,4.316
MWI,DALY_PM25,2012,4.37
MWI,DALY_PM25,2013,4.383
F98,DALY_PM25,2012,19.638
F98,DALY_PM25,2013,19.378
F98,DALY_PM25,2014,19.201
F98,DALY_PM25,2015,19.356
F98,DALY_PM25,2016,18.943
F98,DALY_PM25,2017,18.661
F98,DALY_PM25,2018,18.62
F98,DALY_PM25,2019,18.671
W,DALY_PM25,2010,14.513
W,DALY_PM25,2011,14.741
W,DALY_PM25,2012,15.06
W,DALY_PM25,2013,15.358
W,DALY_PM25,2014,15.485
W,DALY_PM25,2015,15.567
W,DALY_PM25,2016,15.259
W,DALY_PM25,2017,14.949
W,DALY_PM25,2018,15.023
W,DALY_PM25,2019,15.329
JPN,DALY_PM25,2010,4.891
JPN,DALY_PM25,2011,5.042
JPN,DALY_PM25,2012,5.249
JPN,DALY_PM25,2013,5.512
JPN,DALY_PM25,2014,5.726
JPN,DALY_PM25,2015,5.835
JPN,DALY_PM25,2016,5.896
JPN,DALY_PM25,2017,5.897
JPN,DALY_PM25,2018,5.988
JPN,DALY_PM25,2019,6.07
SWE,DALY_PM25,2010,2.632
SWE,DALY_PM25,2011,2.478
SWE,DALY_PM25,2012,2.197
SWE,DALY_PM25,2013,1.874
SWE,DALY_PM25,2014,1.586
SWE,DALY_PM25,2015,1.434
SWE,DALY_PM25,2016,1.375
SWE,DALY_PM25,2017,1.342
SWE,DALY_PM25,2018,1.327
SWE,DALY_PM25,2019,1.309
CHE,DALY_PM25,2018,3.226
CHE,DALY_PM25,2019,3.286
GBR,DALY_PM25,2010,6.165
GBR,DALY_PM25,2011,5.836
GBR,DALY_PM25,2012,5.486
GBR,DALY_PM25,2013,5.164
GBR,DALY_PM25,2014,4.838
GBR,DALY_PM25,2015,4.697
G20,DALY_PM25,2015,16.596
G20,DALY_PM25,2016,16.309
G20,DALY_PM25,2017,16.022
G20,DALY_PM25,2018,16.196
G20,DALY_PM25,2019,16.595
ASM,DALY_PM25,2012,3.8
ASM,DALY_PM25,2013,3.917
ASM,DALY_PM25,2014,4.033
ASM,DALY_PM25,2015,4.159
ASM,DALY_PM25,2016,4.379
ASM,DALY_PM25,2017,4.564
ASM,DALY_PM25,2018,4.617
ASM,DALY_PM25,2019,4.617
AGO,DALY_PM25,2016,8.135
AGO,DALY_PM25,2017,8.113
AGO,DALY_PM25,2018,8.242
AGO,DALY_PM25,2019,8.483
ATG,DALY_PM25,2010,7.421
ATG,DALY_PM25,2011,7.527
ATG,DALY_PM25,2012,7.639
ARG,DALY_PM25,2012,6.823
ARG,DALY_PM25,2013,6.905
ARG,DALY_PM25,2014,6.911
ARG,DALY_PM25,2015,6.965
ARG,DALY_PM25,2016,6.936
ARG,DALY_PM25,2017,6.703
ARG,DALY_PM25,2018,6.616
ARG,DALY_PM25,2019,6.62
ARM,DALY_PM25,2011,27.337
ARM,DALY_PM25,2012,26.809
ARM,DALY_PM25,2013,25.959
ARM,DALY_PM25,2014,25.771
ARM,DALY_PM25,2015,26.0
ARM,DALY_PM25,2016,25.247
ARM,DALY_PM25,2017,24.585
ARM,DALY_PM25,2018,24.243
ARM,DALY_PM25,2019,24.014
BHS,DALY_PM25,2017,7.545
BHS,DALY_PM25,2018,7.705
BHS,DALY_PM25,2019,7.914
BHR,DALY_PM25,2016,12.835
BHR,DALY_PM25,2017,12.887
BHR,DALY_PM25,2018,13.049
BHR,DALY_PM25,2019,13.339
BWA,DALY_PM25,2012,16.543
BWA,DALY_PM25,2013,16.565
BWA,DALY_PM25,2014,16.563
BWA,DALY_PM25,2015,16.491
BWA,DALY_PM25,2016,15.898
BWA,DALY_PM25,2017,15.528
BWA,DALY_PM25,2018,15.455
BWA,DALY_PM25,2019,15.537
CIV,DALY_PM25,2010,14.115
HRV,DALY_PM25,2010,17.995
HRV,DALY_PM25,2011,17.502
HRV,DALY_PM25,2012,17.181
HRV,DALY_PM25,2013,16.399
HRV,DALY_PM25,2014,16.313
HRV,DALY_PM25,2015,16.645
HRV,DALY_PM25,2016,15.194
HRV,DALY_PM25,2017,14.883
HRV,DALY_PM25,2018,15.011
CYP,DALY_PM25,2010,8.81
CYP,DALY_PM25,2011,8.512
PRK,DALY_PM25,2012,17.942
PRK,DALY_PM25,2013,19.131
PRK,DALY_PM25,2014,20.062
PRK,DALY_PM25,2015,20.433
PRK,DALY_PM25,2016,20.118
PRK,DALY_PM25,2017,19.852
PRK,DALY_PM25,2018,20.264
PRK,DALY_PM25,2019,21.252
DJI,DALY_PM25,2010,21.831
DJI,DALY_PM25,2011,21.981
DJI,DALY_PM25,2012,22.205
EGY,DALY_PM25,2010,33.63
EGY,DALY_PM25,2011,32.678
EGY,DALY_PM25,2012,32.125
SWZ,DALY_PM25,2016,11.586
SWZ,DALY_PM25,2017,11.523
SWZ,DALY_PM25,2018,11.51
SWZ,DALY_PM25,2019,11.579
GEO,DALY_PM25,2010,19.473
GEO,DALY_PM25,2011,18.997
GEO,DALY_PM25,2012,18.169
GEO,DALY_PM25,2013,17.499
GEO,DALY_PM25,2014,17.153
GEO,DALY_PM25,2015,17.093
GEO,DALY_PM25,2016,17.636
GEO,DALY_PM25,2017,17.665
GEO,DALY_PM25,2018,17.667
JAM,DALY_PM25,2010,6.645
JAM,DALY_PM25,2011,7.12
JAM,DALY_PM25,2012,6.797
KEN,DALY_PM25,2018,4.661
KEN,DALY_PM25,2019,4.333
LBR,DALY_PM25,2018,5.64
LBR,DALY_PM25,2019,5.874
MDG,DALY_PM25,2015,4.11
MDG,DALY_PM25,2016,3.932
MDG,DALY_PM25,2017,3.772
MDG,DALY_PM25,2018,3.738
MDG,DALY_PM25,2019,3.798
MDV,DALY_PM25,2010,3.691
SUR,DALY_PM25,2010,12.522
SUR,DALY_PM25,2011,12.681
SUR,DALY_PM25,2012,13.086
SUR,DALY_PM25,2013,14.053
SUR,DALY_PM25,2014,14.89
SUR,DALY_PM25,2015,15.594
SUR,DALY_PM25,2016,15.138
SUR,DALY_PM25,2017,14.392
SUR,DALY_PM25,2018,14.073
SUR,DALY_PM25,2019,13.83
KOR,DALY_PM25,2010,7.856
KOR,DALY_PM25,2011,7.936
KOR,DALY_PM25,2012,8.202
KOR,DALY_PM25,2013,8.468
KOR,DALY_PM25,2014,8.675
KOR,DALY_PM25,2015,8.793
KOR,DALY_PM25,2016,8.789
KOR,DALY_PM25,2017,9.054
KOR,DALY_PM25,2018,9.43
KOR,DALY_PM25,2019,9.951
SYR,DALY_PM25,2010,14.637
SYR,DALY_PM25,2011,15.343
SYR,DALY_PM25,2012,15.734
SYR,DALY_PM25,2013,16.075
SYR,DALY_PM25,2014,16.457
SYR,DALY_PM25,2015,16.832
SYR,DALY_PM25,2016,16.582
SYR,DALY_PM25,2017,16.502
SYR,DALY_PM25,2018,16.741
SYR,DALY_PM25,2019,17.091
SOM,DALY_PM25,2010,3.146
SOM,DALY_PM25,2011,3.107
SOM,DALY_PM25,2012,3.054
SOM,DALY_PM25,2013,3.005
SOM,DALY_PM25,2014,2.949
SOM,DALY_PM25,2015,2.907
SOM,DALY_PM25,2016,2.967
SOM,DALY_PM25,2017,2.968
SOM,DALY_PM25,2018,2.987
SOM,DALY_PM25,2019,2.98
SYC,DALY_PM25,2010,9.418
SYC,DALY_PM25,2011,9.427
SYC,DALY_PM25,2012,9.562
SYC,DALY_PM25,2013,9.624
SYC,DALY_PM25,2014,9.799
SYC,DALY_PM25,2015,10.104
SYC,DALY_PM25,2016,10.627
SYC,DALY_PM25,2017,11.004
SYC,DALY_PM25,2018,11.152
SYC,DALY_PM25,2019,11.209
LKA,DALY_PM25,2010,9.377
LKA,DALY_PM25,2011,9.457
LKA,DALY_PM25,2012,9.172
LKA,DALY_PM25,2013,8.672
LKA,DALY_PM25,2014,8.541
LKA,DALY_PM25,2015,8.37
LKA,DALY_PM25,2016,8.662
LKA,DALY_PM25,2017,9.054
LKA,DALY_PM25,2018,9.196
LKA,DALY_PM25,2019,9.448
SLE,DALY_PM25,2010,9.535
SLE,DALY_PM25,2011,9.655
SLE,DALY_PM25,2012,10.144
SLE,DALY_PM25,2013,10.652
SLE,DALY_PM25,2014,10.997
SLE,DALY_PM25,2015,10.83
SLE,DALY_PM25,2016,10.349
SLE,DALY_PM25,2017,9.986
SLE,DALY_PM25,2018,9.95
SLE,DALY_PM25,2019,10.124
SDN,DALY_PM25,2010,12.415
SDN,DALY_PM25,2011,12.473
SDN,DALY_PM25,2012,12.644
SDN,DALY_PM25,2013,12.728
SDN,DALY_PM25,2014,12.974
SDN,DALY_PM25,2015,13.156
SDN,DALY_PM25,2016,13.405
SDN,DALY_PM25,2017,13.68
SDN,DALY_PM25,2018,13.951
SDN,DALY_PM25,2019,14.288
SSD,DALY_PM25,2010,9.138
SSD,DALY_PM25,2011,9.183
SSD,DALY_PM25,2012,9.241
SSD,DALY_PM25,2013,9.284
SSD,DALY_PM25,2014,9.096
SSD,DALY_PM25,2015,8.568
SSD,DALY_PM25,2016,7.94
SSD,DALY_PM25,2017,7.455
SSD,DALY_PM25,2018,7.349
SSD,DALY_PM25,2019,7.351
SGP,DALY_PM25,2010,4.76
SGP,DALY_PM25,2011,4.813
SGP,DALY_PM25,2012,5.063
SGP,DALY_PM25,2013,5.322
SGP,DALY_PM25,2014,5.545
SGP,DALY_PM25,2015,5.672
SGP,DALY_PM25,2016,5.673
SGP,DALY_PM25,2017,5.634
SGP,DALY_PM25,2018,5.822
SGP,DALY_PM25,2019,6.029
SEN,DALY_PM25,2012,9.568
SEN,DALY_PM25,2013,9.786
SEN,DALY_PM25,2014,10.314
SEN,DALY_PM25,2015,10.346
SEN,DALY_PM25,2016,10.29
SEN,DALY_PM25,2017,9.983
SEN,DALY_PM25,2018,9.395
SEN,DALY_PM25,2019,9.075
SRB,DALY_PM25,2010,30.136
SRB,DALY_PM25,2011,29.417
SRB,DALY_PM25,2012,28.552
SRB,DALY_PM25,2013,27.768
SRB,DALY_PM25,2014,27.341
SRB,DALY_PM25,2015,27.023
SRB,DALY_PM25,2016,25.787
SRB,DALY_PM25,2017,25.513
SRB,DALY_PM25,2018,25.429
SRB,DALY_PM25,2019,25.353
SLB,DALY_PM25,2010,4.791
SLB,DALY_PM25,2011,4.976
SLB,DALY_PM25,2012,5.097
SLB,DALY_PM25,2013,5.239
SLB,DALY_PM25,2014,5.37
SLB,DALY_PM25,2015,5.461
SLB,DALY_PM25,2016,5.442
SLB,DALY_PM25,2017,5.481
SLB,DALY_PM25,2018,5.663
SLB,DALY_PM25,2019,5.912
ZAF,DALY_PM25,2010,18.399
ZAF,DALY_PM25,2011,17.669
ZAF,DALY_PM25,2012,17.165
ZAF,DALY_PM25,2013,16.784
ZAF,DALY_PM25,2014,16.753
ZAF,DALY_PM25,2015,16.525
ZAF,DALY_PM25,2016,15.99
ZAF,DALY_PM25,2017,15.553
ZAF,DALY_PM25,2018,14.773
ZAF,DALY_PM25,2019,14.412
TWN,DALY_PM25,2010,9.644
TWN,DALY_PM25,2011,10.174
TWN,DALY_PM25,2012,10.421
TWN,DALY_PM25,2013,10.701
TWN,DALY_PM25,2014,11.334
TWN,DALY_PM25,2015,11.417
TWN,DALY_PM25,2016,11.332
TWN,DALY_PM25,2017,11.032
TWN,DALY_PM25,2018,11.26
TWN,DALY_PM25,2019,11.544
TUV,DALY_PM25,2010,5.157
TUV,DALY_PM25,2011,5.149
TUV,DALY_PM25,2012,5.15
TUV,DALY_PM25,2013,5.154
TUV,DALY_PM25,2014,5.175
TUV,DALY_PM25,2015,5.206
TUV,DALY_PM25,2016,5.415
TUV,DALY_PM25,2017,5.614
TUV,DALY_PM25,2018,5.644
TUV,DALY_PM25,2019,5.624
TGO,DALY_PM25,2010,8.569
TGO,DALY_PM25,2011,8.769
TGO,DALY_PM25,2012,9.102
TGO,DALY_PM25,2013,9.438
TGO,DALY_PM25,2014,9.707
TGO,DALY_PM25,2015,9.683
TGO,DALY_PM25,2016,9.397
TGO,DALY_PM25,2017,9.083
TGO,DALY_PM25,2018,8.879
TGO,DALY_PM25,2019,8.946
TZA,DALY_PM25,2010,6.041
TZA,DALY_PM25,2011,6.076
TZA,DALY_PM25,2012,6.224
TZA,DALY_PM25,2013,6.226
TZA,DALY_PM25,2014,6.052
TZA,DALY_PM25,2015,6.064
TZA,DALY_PM25,2016,5.768
TZA,DALY_PM25,2017,5.459
TZA,DALY_PM25,2018,5.284
TZA,DALY_PM25,2019,5.267
TLS,DALY_PM25,2010,4.641
TLS,DALY_PM25,2011,4.819
TLS,DALY_PM25,2012,4.957
TLS,DALY_PM25,2013,5.022
TLS,DALY_PM25,2014,5.134
TLS,DALY_PM25,2015,5.286
TLS,DALY_PM25,2016,5.378
TLS,DALY_PM25,2017,5.385
TLS,DALY_PM25,2018,5.41
TLS,DALY_PM25,2019,5.433
TTO,DALY_PM25,2010,14.249
TTO,DALY_PM25,2011,14.211
TTO,DALY_PM25,2012,14.192
TTO,DALY_PM25,2013,14.974
TTO,DALY_PM25,2014,15.644
TTO,DALY_PM25,2015,16.154
TTO,DALY_PM25,2016,16.382
TTO,DALY_PM25,2017,16.403
TTO,DALY_PM25,2018,16.798
TTO,DALY_PM25,2019,17.438
TUN,DALY_PM25,2010,17.084
TUN,DALY_PM25,2011,17.066
TUN,DALY_PM25,2012,16.859
TUN,DALY_PM25,2013,16.705
TUN,DALY_PM25,2014,16.511
TUN,DALY_PM25,2015,16.374
TUN,DALY_PM25,2016,16.219
TUN,DALY_PM25,2017,16.165
TUN,DALY_PM25,2018,16.311
TUN,DALY_PM25,2019,16.573
THA,DALY_PM25,2010,12.038
THA,DALY_PM25,2011,11.944
THA,DALY_PM25,2012,11.731
THA,DALY_PM25,2013,11.385
THA,DALY_PM25,2014,11.284
THA,DALY_PM25,2015,11.288
THA,DALY_PM25,2016,11.636
THA,DALY_PM25,2017,11.818
THA,DALY_PM25,2018,12.217
THA,DALY_PM25,2019,12.768
UGA,DALY_PM25,2010,5.871
UGA,DALY_PM25,2011,6.07
UGA,DALY_PM25,2012,6.376
UGA,DALY_PM25,2013,6.862
UGA,DALY_PM25,2014,7.122
UGA,DALY_PM25,2015,6.859
UGA,DALY_PM25,2016,6.732
UGA,DALY_PM25,2017,5.993
UGA,DALY_PM25,2018,5.652
UGA,DALY_PM25,2019,5.302
TKM,DALY_PM25,2010,19.881
TKM,DALY_PM25,2011,20.178
TKM,DALY_PM25,2012,20.368
TKM,DALY_PM25,2013,20.928
TKM,DALY_PM25,2014,21.233
TKM,DALY_PM25,2015,21.184
TKM,DALY_PM25,2016,20.596
TKM,DALY_PM25,2017,19.858
TKM,DALY_PM25,2018,19.521
TKM,DALY_PM25,2019,19.159
TJK,DALY_PM25,2010,15.831
TJK,DALY_PM25,2011,16.258
TJK,DALY_PM25,2012,16.748
TJK,DALY_PM25,2013,17.208
TJK,DALY_PM25,2014,17.851
TJK,DALY_PM25,2015,18.166
TJK,DALY_PM25,2016,18.233
TJK,DALY_PM25,2017,18.181
TJK,DALY_PM25,2018,17.793
TJK,DALY_PM25,2019,17.65
TON,DALY_PM25,2010,4.953
TON,DALY_PM25,2011,5.019
TON,DALY_PM25,2012,5.079
TON,DALY_PM25,2013,5.151
TON,DALY_PM25,2014,5.226
TON,DALY_PM25,2015,5.314
TON,DALY_PM25,2016,5.417
TON,DALY_PM25,2017,5.51
TON,DALY_PM25,2018,5.505
TON,DALY_PM25,2019,5.47
MLI,DALY_PM25,2010,9.447
MLI,DALY_PM25,2011,9.451
MLI,DALY_PM25,2012,9.686
MLI,DALY_PM25,2013,9.941
MLI,DALY_PM25,2014,10.135
MLI,DALY_PM25,2015,10.282
MLI,DALY_PM25,2016,10.506
MLI,DALY_PM25,2017,10.402
MLI,DALY_PM25,2018,10.209
MLI,DALY_PM25,2019,10.135
OECDSO,DALY_PM25,2010,5.253
OECDSO,DALY_PM25,2011,5.355
OECDSO,DALY_PM25,2012,5.529
OECDSO,DALY_PM25,2013,5.736
OECDSO,DALY_PM25,2014,5.901
OECDSO,DALY_PM25,2015,5.985
OECDSO,DALY_PM25,2016,5.992
OECDSO,DALY_PM25,2017,6.037
OECDSO,DALY_PM25,2018,6.178
OECDSO,DALY_PM25,2019,6.35
ARM,DALY_PM25,2010,27.503
IDN,DALY_PM25,2010,11.538
IDN,DALY_PM25,2011,11.516
IDN,DALY_PM25,2012,11.591
IDN,DALY_PM25,2013,11.642
IDN,DALY_PM25,2014,11.633
IDN,DALY_PM25,2015,11.664
IRN,DALY_PM25,2010,15.408
IRN,DALY_PM25,2011,15.225
IRN,DALY_PM25,2012,15.199
IRN,DALY_PM25,2013,15.28
IRN,DALY_PM25,2014,15.269
BWA,DALY_PM25,2010,16.328
BWA,DALY_PM25,2011,16.528
CHN,DALY_PM25,2010,20.568
CHN,DALY_PM25,2011,21.147
CHN,DALY_PM25,2012,21.621
CHN,DALY_PM25,2013,22.063
CHN,DALY_PM25,2014,22.376
IRQ,DALY_PM25,2010,26.864
IRQ,DALY_PM25,2011,25.852
IRQ,DALY_PM25,2012,24.792
IRQ,DALY_PM25,2013,23.772
ESP,DALY_PM25,2010,4.899
ESP,DALY_PM25,2011,4.799
GHA,DALY_PM25,2010,14.568
GHA,DALY_PM25,2011,14.852
GHA,DALY_PM25,2012,15.259
GHA,DALY_PM25,2013,15.831
GHA,DALY_PM25,2014,16.422
GHA,DALY_PM25,2015,16.847
GHA,DALY_PM25,2016,16.895
PRT,DALY_PM25,2010,5.227
PRT,DALY_PM25,2011,5.023
PRT,DALY_PM25,2012,4.831
PRT,DALY_PM25,2013,4.634
PRT,DALY_PM25,2014,4.438
PRT,DALY_PM25,2015,4.269
GUY,DALY_PM25,2010,15.953
GUY,DALY_PM25,2011,16.093
GUY,DALY_PM25,2012,16.595
GIN,DALY_PM25,2010,10.072
GIN,DALY_PM25,2011,10.037
GIN,DALY_PM25,2012,10.078
GIN,DALY_PM25,2013,10.445
GIN,DALY_PM25,2014,10.665
GIN,DALY_PM25,2015,10.786
AFG,DALY_PM25,2011,9.235
AFG,DALY_PM25,2012,9.973
AFG,DALY_PM25,2013,10.839
AFG,DALY_PM25,2014,11.29
AFG,DALY_PM25,2015,11.242
AFG,DALY_PM25,2016,10.981
AFG,DALY_PM25,2017,10.707
AFG,DALY_PM25,2018,10.692
AFG,DALY_PM25,2019,11.08
CYP,DALY_PM25,2012,8.286
CYP,DALY_PM25,2013,8.159
CYP,DALY_PM25,2014,8.069
CYP,DALY_PM25,2015,7.941
CYP,DALY_PM25,2016,7.429
CYP,DALY_PM25,2017,7.121
CYP,DALY_PM25,2018,7.327
CYP,DALY_PM25,2019,7.718
ISR,DALY_PM25,2019,5.8
NOR,DALY_PM25,2019,1.599
BRN,DALY_PM25,2019,3.117
CAF,DALY_PM25,2018,10.301
CAF,DALY_PM25,2019,10.524
POL,DALY_PM25,2010,18.557
POL,DALY_PM25,2011,18.163
POL,DALY_PM25,2012,17.737
POL,DALY_PM25,2013,16.878
POL,DALY_PM25,2014,15.898
POL,DALY_PM25,2015,15.956
POL,DALY_PM25,2016,15.865
GUM,DALY_PM25,2010,4.127
GUM,DALY_PM25,2011,4.427
GUM,DALY_PM25,2012,5.18
GUM,DALY_PM25,2013,6.142
GUM,DALY_PM25,2014,7.012
GUM,DALY_PM25,2015,7.459
GUM,DALY_PM25,2016,6.37
AGO,DALY_PM25,2010,7.615
AGO,DALY_PM25,2011,7.669
AGO,DALY_PM25,2012,7.869
AGO,DALY_PM25,2013,8.035
AGO,DALY_PM25,2014,8.123
AGO,DALY_PM25,2015,8.217
HRV,DALY_PM25,2019,15.355
ALB,DALY_PM25,2010,9.932
ALB,DALY_PM25,2011,10.204
ALB,DALY_PM25,2012,10.303
ALB,DALY_PM25,2013,10.413
ALB,DALY_PM25,2014,10.628
ALB,DALY_PM25,2015,10.867
ALB,DALY_PM25,2016,10.954
ALB,DALY_PM25,2017,11.043
ALB,DALY_PM25,2018,11.14
ALB,DALY_PM25,2019,11.258
DZA,DALY_PM25,2010,14.68
DZA,DALY_PM25,2011,14.683
DZA,DALY_PM25,2012,14.775
DZA,DALY_PM25,2013,14.971
DZA,DALY_PM25,2014,15.191
DZA,DALY_PM25,2015,15.274
DZA,DALY_PM25,2016,15.071
DZA,DALY_PM25,2017,14.9
ITA,DALY_PM25,2010,9.759
ITA,DALY_PM25,2011,9.573
ITA,DALY_PM25,2012,9.296
ITA,DALY_PM25,2013,8.885
ITA,DALY_PM25,2014,8.511
ITA,DALY_PM25,2015,8.386
ITA,DALY_PM25,2016,7.758
ITA,DALY_PM25,2017,7.484
ITA,DALY_PM25,2018,7.589
ITA,DALY_PM25,2019,7.713
SMR,DALY_PM25,2010,2.854
SMR,DALY_PM25,2011,2.908
SMR,DALY_PM25,2012,3.036
SMR,DALY_PM25,2013,3.191
SMR,DALY_PM25,2014,3.336
SMR,DALY_PM25,2015,3.42
SMR,DALY_PM25,2016,3.405
SMR,DALY_PM25,2017,3.391
SMR,DALY_PM25,2018,3.439
SMR,DALY_PM25,2019,3.519
KNA,DALY_PM25,2010,4.352
KNA,DALY_PM25,2011,4.441
KNA,DALY_PM25,2012,4.592
KNA,DALY_PM25,2013,4.783
KNA,DALY_PM25,2014,4.983
KNA,DALY_PM25,2015,5.131
KNA,DALY_PM25,2016,5.189
KNA,DALY_PM25,2017,5.274
KNA,DALY_PM25,2018,5.508
KNA,DALY_PM25,2019,6.164
PRI,DALY_PM25,2010,2.474
PRI,DALY_PM25,2011,2.653
PRI,DALY_PM25,2012,2.646
PRI,DALY_PM25,2013,2.776
PRI,DALY_PM25,2014,2.831
PRI,DALY_PM25,2015,2.815
PRI,DALY_PM25,2016,3.02
PRI,DALY_PM25,2017,3.199
PRI,DALY_PM25,2018,3.417
PRI,DALY_PM25,2019,3.667
QAT,DALY_PM25,2010,9.09
QAT,DALY_PM25,2011,8.891
QAT,DALY_PM25,2012,8.799
QAT,DALY_PM25,2013,8.75
QAT,DALY_PM25,2014,8.621
QAT,DALY_PM25,2015,8.46
QAT,DALY_PM25,2016,8.387
QAT,DALY_PM25,2017,8.361
QAT,DALY_PM25,2018,8.576
QAT,DALY_PM25,2019,8.833
WSM,DALY_PM25,2010,5.053
WSM,DALY_PM25,2011,5.076
WSM,DALY_PM25,2012,5.123
WSM,DALY_PM25,2013,5.178
WSM,DALY_PM25,2014,5.256
WSM,DALY_PM25,2015,5.349
WSM,DALY_PM25,2016,5.507
WSM,DALY_PM25,2017,5.712
WSM,DALY_PM25,2018,5.936
WSM,DALY_PM25,2019,6.158
LCA,DALY_PM25,2010,8.8
LCA,DALY_PM25,2011,9.056
LCA,DALY_PM25,2012,9.462
LCA,DALY_PM25,2013,10.094
LCA,DALY_PM25,2014,10.615
LCA,DALY_PM25,2015,11.029
LCA,DALY_PM25,2016,11.436
LCA,DALY_PM25,2017,11.447
LCA,DALY_PM25,2018,11.749
LCA,DALY_PM25,2019,12.17
VCT,DALY_PM25,2010,11.64
VCT,DALY_PM25,2011,12.171
VCT,DALY_PM25,2012,12.844
VCT,DALY_PM25,2013,13.528
VCT,DALY_PM25,2014,14.12
VCT,DALY_PM25,2015,14.37
VCT,DALY_PM25,2016,14.263
VCT,DALY_PM25,2017,14.202
VCT,DALY_PM25,2018,14.457
VCT,DALY_PM25,2019,14.909
RWA,DALY_PM25,2010,6.113
RWA,DALY_PM25,2011,6.097
RWA,DALY_PM25,2012,6.297
RWA,DALY_PM25,2013,5.985
RWA,DALY_PM25,2014,6.152
RWA,DALY_PM25,2015,6.164
RWA,DALY_PM25,2016,5.972
RWA,DALY_PM25,2017,5.747
RWA,DALY_PM25,2018,5.811
RWA,DALY_PM25,2019,5.993
RUS,DALY_PM25,2010,20.413
RUS,DALY_PM25,2011,18.625
RUS,DALY_PM25,2012,17.462
RUS,DALY_PM25,2013,16.171
RUS,DALY_PM25,2014,15.406
RUS,DALY_PM25,2015,14.233
RUS,DALY_PM25,2016,12.857
RUS,DALY_PM25,2017,11.394
RUS,DALY_PM25,2018,11.329
RUS,DALY_PM25,2019,11.583
ROU,DALY_PM25,2010,19.321
ROU,DALY_PM25,2011,17.969
ROU,DALY_PM25,2012,17.552
ROU,DALY_PM25,2013,16.383
ROU,DALY_PM25,2014,16.398
ROU,DALY_PM25,2015,15.952
ROU,DALY_PM25,2016,15.778
ROU,DALY_PM25,2017,15.733
ROU,DALY_PM25,2018,15.865
ROU,DALY_PM25,2019,15.999
NER,DALY_PM25,2010,7.669
NER,DALY_PM25,2011,7.803
NER,DALY_PM25,2012,8.091
NER,DALY_PM25,2013,8.574
NER,DALY_PM25,2014,8.909
NER,DALY_PM25,2015,8.996
NER,DALY_PM25,2016,8.646
NER,DALY_PM25,2017,8.179
NER,DALY_PM25,2018,7.888
NER,DALY_PM25,2019,7.942
NPL,DALY_PM25,2010,14.249
NPL,DALY_PM25,2011,14.905
NPL,DALY_PM25,2012,15.784
NPL,DALY_PM25,2013,16.891
NPL,DALY_PM25,2014,17.539
NPL,DALY_PM25,2015,17.877
NPL,DALY_PM25,2016,17.454
NPL,DALY_PM25,2017,17.088
NPL,DALY_PM25,2018,17.243
NPL,DALY_PM25,2019,18.008
OMN,DALY_PM25,2010,13.974
OMN,DALY_PM25,2011,13.883
OMN,DALY_PM25,2012,13.704
OMN,DALY_PM25,2013,12.901
OMN,DALY_PM25,2014,12.103
OMN,DALY_PM25,2015,11.747
OMN,DALY_PM25,2016,11.587
OMN,DALY_PM25,2017,11.267
OMN,DALY_PM25,2018,10.585
OMN,DALY_PM25,2019,10.18
NGA,DALY_PM25,2010,17.737
NGA,DALY_PM25,2011,18.211
NGA,DALY_PM25,2012,19.347
NGA,DALY_PM25,2013,20.561
NGA,DALY_PM25,2014,21.378
NGA,DALY_PM25,2015,21.471
NGA,DALY_PM25,2016,20.851
NGA,DALY_PM25,2017,19.702
NGA,DALY_PM25,2018,19.185
NGA,DALY_PM25,2019,19.283
PAK,DALY_PM25,2010,22.352
PAK,DALY_PM25,2011,23.04
PAK,DALY_PM25,2012,23.987
PAK,DALY_PM25,2013,25.069
PAK,DALY_PM25,2014,25.763
PAK,DALY_PM25,2015,25.648
PAK,DALY_PM25,2016,25.075
PAK,DALY_PM25,2017,24.354
PAK,DALY_PM25,2018,23.843
PAK,DALY_PM25,2019,24.367
PNG,DALY_PM25,2010,5.217
PNG,DALY_PM25,2011,5.295
PNG,DALY_PM25,2012,5.36
PNG,DALY_PM25,2013,5.404
PNG,DALY_PM25,2014,5.431
PNG,DALY_PM25,2015,5.458
PNG,DALY_PM25,2016,5.492
PNG,DALY_PM25,2017,5.541
PNG,DALY_PM25,2018,5.673
PNG,DALY_PM25,2019,5.876
PLW,DALY_PM25,2010,5.01
PLW,DALY_PM25,2011,5.808
PLW,DALY_PM25,2012,7.644
PLW,DALY_PM25,2013,9.949
PLW,DALY_PM25,2014,11.998
PLW,DALY_PM25,2015,13.024
PLW,DALY_PM25,2016,10.668
PLW,DALY_PM25,2017,8.175
PLW,DALY_PM25,2018,8.247
PLW,DALY_PM25,2019,8.365
MNP,DALY_PM25,2010,4.98
MNP,DALY_PM25,2011,5.249
MNP,DALY_PM25,2012,5.729
MNP,DALY_PM25,2013,6.271
MNP,DALY_PM25,2014,6.725
MNP,DALY_PM25,2015,6.999
MNP,DALY_PM25,2016,6.328
MNP,DALY_PM25,2017,5.606
MNP,DALY_PM25,2018,5.638
MNP,DALY_PM25,2019,5.865
NRU,DALY_PM25,2017,4.34
NRU,DALY_PM25,2018,4.334
NRU,DALY_PM25,2019,4.266
PAN,DALY_PM25,2010,4.665
PAN,DALY_PM25,2011,4.821
PAN,DALY_PM25,2012,5.009
PAN,DALY_PM25,2013,5.138
PAN,DALY_PM25,2014,5.216
PAN,DALY_PM25,2015,5.163
PAN,DALY_PM25,2016,4.879
PAN,DALY_PM25,2017,4.561
PAN,DALY_PM25,2018,4.427
PAN,DALY_PM25,2019,4.388
NIC,DALY_PM25,2010,3.561
NIC,DALY_PM25,2011,3.696
NIC,DALY_PM25,2012,3.855
NIC,DALY_PM25,2013,4.032
NIC,DALY_PM25,2014,4.179
NIC,DALY_PM25,2015,4.119
NIC,DALY_PM25,2016,4.128
NIC,DALY_PM25,2017,3.976
NIC,DALY_PM25,2018,4.06
NIC,DALY_PM25,2019,4.296
MKD,DALY_PM25,2010,31.099
MKD,DALY_PM25,2011,30.518
MKD,DALY_PM25,2012,30.685
MKD,DALY_PM25,2013,29.919
MKD,DALY_PM25,2014,30.163
MKD,DALY_PM25,2015,30.367
MKD,DALY_PM25,2016,30.478
MKD,DALY_PM25,2017,30.273
MKD,DALY_PM25,2018,30.112
MKD,DALY_PM25,2019,30.073
PSE,DALY_PM25,2010,12.647
PSE,DALY_PM25,2011,12.351
PSE,DALY_PM25,2012,11.833
PSE,DALY_PM25,2013,11.595
PSE,DALY_PM25,2014,11.738
PSE,DALY_PM25,2015,11.778
PSE,DALY_PM25,2016,11.334
PSE,DALY_PM25,2017,10.851
PSE,DALY_PM25,2018,10.751
PSE,DALY_PM25,2019,10.814
URY,DALY_PM25,2010,4.583
URY,DALY_PM25,2011,4.684
URY,DALY_PM25,2012,4.715
URY,DALY_PM25,2013,4.73
URY,DALY_PM25,2014,4.704
URY,DALY_PM25,2015,4.753
URY,DALY_PM25,2016,4.617
URY,DALY_PM25,2017,4.524
URY,DALY_PM25,2018,4.53
URY,DALY_PM25,2019,4.554
F98,DALY_PM25,2010,20.093
F98,DALY_PM25,2011,19.813
VIR,DALY_PM25,2014,6.827
VIR,DALY_PM25,2015,7.048
VIR,DALY_PM25,2016,7.105
VIR,DALY_PM25,2017,7.254
VIR,DALY_PM25,2018,7.42
VIR,DALY_PM25,2019,7.612
YEM,DALY_PM25,2010,14.791
YEM,DALY_PM25,2011,15.025
YEM,DALY_PM25,2012,15.264
YEM,DALY_PM25,2013,15.549
YEM,DALY_PM25,2014,15.544
YEM,DALY_PM25,2015,15.577
YEM,DALY_PM25,2016,15.414
YEM,DALY_PM25,2017,15.344
YEM,DALY_PM25,2018,15.34
YEM,DALY_PM25,2019,15.323
ZMB,DALY_PM25,2010,8.13
ZMB,DALY_PM25,2011,8.246
ZMB,DALY_PM25,2012,8.33
ZMB,DALY_PM25,2013,8.456
ZMB,DALY_PM25,2014,8.441
ZMB,DALY_PM25,2015,8.325
ZMB,DALY_PM25,2016,8.085
ZMB,DALY_PM25,2017,7.887
ZMB,DALY_PM25,2018,7.746
ZMB,DALY_PM25,2019,7.783
VNM,DALY_PM25,2010,10.261
VNM,DALY_PM25,2011,10.298
VNM,DALY_PM25,2012,10.242
VNM,DALY_PM25,2013,10.171
VNM,DALY_PM25,2014,10.08
VNM,DALY_PM25,2015,10.003
VNM,DALY_PM25,2016,9.975
VNM,DALY_PM25,2017,10.007
VNM,DALY_PM25,2018,10.185
VNM,DALY_PM25,2019,10.5
ZWE,DALY_PM25,2010,9.083
ZWE,DALY_PM25,2011,9.228
ZWE,DALY_PM25,2012,9.349
ZWE,DALY_PM25,2013,9.423
ZWE,DALY_PM25,2014,9.579
ZWE,DALY_PM25,2015,9.607
ZWE,DALY_PM25,2016,9.171
ZWE,DALY_PM25,2017,8.637
ZWE,DALY_PM25,2018,8.316
ZWE,DALY_PM25,2019,8.151
ASEAN,DALY_PM25,2010,11.037
ASEAN,DALY_PM25,2011,10.975
ASEAN,DALY_PM25,2012,10.931
ASEAN,DALY_PM25,2013,10.861
ASEAN,DALY_PM25,2014,10.827
ASEAN,DALY_PM25,2015,10.834
ASEAN,DALY_PM25,2016,10.735
ASEAN,DALY_PM25,2017,10.675
ASEAN,DALY_PM25,2018,10.869
ASEAN,DALY_PM25,2019,11.29
A9,DALY_PM25,2010,7.145
A9,DALY_PM25,2011,7.095
A9,DALY_PM25,2012,7.074
A9,DALY_PM25,2013,7.106
A9,DALY_PM25,2014,7.081
A9,DALY_PM25,2015,7.08
A9,DALY_PM25,2016,7.096
A9,DALY_PM25,2017,7.062
A9,DALY_PM25,2018,7.095
A9,DALY_PM25,2019,7.215
VUT,DALY_PM25,2010,5.636
VUT,DALY_PM25,2011,5.711
VUT,DALY_PM25,2012,5.692
VUT,DALY_PM25,2013,5.694
VUT,DALY_PM25,2014,5.707
VUT,DALY_PM25,2015,5.722
VUT,DALY_PM25,2016,5.864
VUT,DALY_PM25,2017,6.005
VUT,DALY_PM25,2018,6.089
VUT,DALY_PM25,2019,6.143
VEN,DALY_PM25,2010,9.982
VEN,DALY_PM25,2011,10.101
VEN,DALY_PM25,2012,10.381
VEN,DALY_PM25,2013,10.292
VEN,DALY_PM25,2014,10.302
VEN,DALY_PM25,2015,10.31
VEN,DALY_PM25,2016,10.558
VEN,DALY_PM25,2017,10.766
VEN,DALY_PM25,2018,11.201
VEN,DALY_PM25,2019,12.201
UZB,DALY_PM25,2010,25.68
UZB,DALY_PM25,2011,26.364
UZB,DALY_PM25,2012,27.049
UZB,DALY_PM25,2013,27.324
UZB,DALY_PM25,2014,27.546
UZB,DALY_PM25,2015,27.519
UZB,DALY_PM25,2016,27.233
UZB,DALY_PM25,2017,26.918
UZB,DALY_PM25,2018,26.683
UZB,DALY_PM25,2019,26.38
AUS,DALY_PM25,2010,1.655
AUS,DALY_PM25,2011,1.63
AUS,DALY_PM25,2012,1.594
AUS,DALY_PM25,2013,1.583
AUS,DALY_PM25,2014,1.59
AUS,DALY_PM25,2015,1.595
AUS,DALY_PM25,2016,1.534
AUS,DALY_PM25,2017,1.504
AUS,DALY_PM25,2018,1.534
LTU,DALY_PM25,2016,10.118
LTU,DALY_PM25,2017,8.694
LTU,DALY_PM25,2018,8.788
LTU,DALY_PM25,2019,8.958
MEX,DALY_PM25,2014,7.977
MEX,DALY_PM25,2015,8.025
MEX,DALY_PM25,2016,8.076
MEX,DALY_PM25,2017,8.226
MEX,DALY_PM25,2018,8.228
MEX,DALY_PM25,2019,8.307
NOR,DALY_PM25,2010,2.692
NOR,DALY_PM25,2011,2.591
NOR,DALY_PM25,2012,2.39
NOR,DALY_PM25,2013,2.189
NOR,DALY_PM25,2014,1.958
NOR,DALY_PM25,2015,1.794
NOR,DALY_PM25,2016,1.655
NOR,DALY_PM25,2017,1.538
NOR,DALY_PM25,2018,1.551
SVK,DALY_PM25,2015,14.367
SVK,DALY_PM25,2016,13.585
SVK,DALY_PM25,2017,13.553
SVK,DALY_PM25,2018,13.725
SVK,DALY_PM25,2019,14.027
TUR,DALY_PM25,2010,14.641
TUR,DALY_PM25,2011,14.45
TUR,DALY_PM25,2012,14.265
TUR,DALY_PM25,2013,14.307
TUR,DALY_PM25,2014,14.412
TUR,DALY_PM25,2015,14.289
TUR,DALY_PM25,2016,13.816
USA,DALY_PM25,2010,4.854
USA,DALY_PM25,2011,4.675
USA,DALY_PM25,2012,4.489
USA,DALY_PM25,2013,4.323
USA,DALY_PM25,2014,4.166
EA19,DALY_PM25,2016,6.04
EA19,DALY_PM25,2017,5.845
EA19,DALY_PM25,2018,5.875
EA19,DALY_PM25,2019,5.94
OECDA,DALY_PM25,2019,5.071
AZE,DALY_PM25,2010,23.467
AZE,DALY_PM25,2011,23.658
AZE,DALY_PM25,2012,23.722
AZE,DALY_PM25,2013,23.57
AZE,DALY_PM25,2014,23.416
AZE,DALY_PM25,2015,23.194
AZE,DALY_PM25,2016,22.748
AZE,DALY_PM25,2017,22.468
AZE,DALY_PM25,2018,22.176
BGD,DALY_PM25,2015,12.836
BGD,DALY_PM25,2016,12.711
BGD,DALY_PM25,2017,12.765
BGD,DALY_PM25,2018,13.042
BGD,DALY_PM25,2019,13.724
BEN,DALY_PM25,2010,9.054
BEN,DALY_PM25,2011,9.413
BEN,DALY_PM25,2012,10.113
BEN,DALY_PM25,2013,10.703
BEN,DALY_PM25,2014,11.054
BEN,DALY_PM25,2015,11.299
BEN,DALY_PM25,2016,10.998
BEN,DALY_PM25,2017,10.63
BIH,DALY_PM25,2010,22.765
BIH,DALY_PM25,2011,23.08
BIH,DALY_PM25,2012,23.059
BFA,DALY_PM25,2016,9.992
BFA,DALY_PM25,2017,9.623
BFA,DALY_PM25,2018,9.587
BFA,DALY_PM25,2019,9.651
CPV,DALY_PM25,2012,10.675
CPV,DALY_PM25,2013,11.955
CPV,DALY_PM25,2014,13.125
CPV,DALY_PM25,2015,13.738
CPV,DALY_PM25,2016,13.972
CPV,DALY_PM25,2017,14.01
CPV,DALY_PM25,2018,15.281
CPV,DALY_PM25,2019,15.207
CMR,DALY_PM25,2010,18.165
CMR,DALY_PM25,2011,18.693
CMR,DALY_PM25,2012,19.514
CMR,DALY_PM25,2013,20.487
CMR,DALY_PM25,2014,20.941
CMR,DALY_PM25,2015,20.402
CMR,DALY_PM25,2016,19.796
CMR,DALY_PM25,2017,18.871
CMR,DALY_PM25,2018,18.803
TCD,DALY_PM25,2010,8.784
TCD,DALY_PM25,2011,8.96
TCD,DALY_PM25,2012,9.34
TCD,DALY_PM25,2013,9.861
TCD,DALY_PM25,2014,10.115
TCD,DALY_PM25,2015,10.232
TCD,DALY_PM25,2016,10.016
COG,DALY_PM25,2012,13.1
COG,DALY_PM25,2013,13.507
COG,DALY_PM25,2014,13.794
COG,DALY_PM25,2015,13.64
COG,DALY_PM25,2016,13.153
COG,DALY_PM25,2017,12.759
COG,DALY_PM25,2018,12.739
COG,DALY_PM25,2019,12.98
DMA,DALY_PM25,2010,9.904
DMA,DALY_PM25,2011,10.231
DMA,DALY_PM25,2012,10.688
DMA,DALY_PM25,2013,11.112
DMA,DALY_PM25,2014,11.454
DMA,DALY_PM25,2015,11.629
GNQ,DALY_PM25,2010,13.424
GNQ,DALY_PM25,2011,14.293
GNQ,DALY_PM25,2012,14.973
GNQ,DALY_PM25,2013,14.958
GNQ,DALY_PM25,2014,14.872
GNQ,DALY_PM25,2015,14.631
GNQ,DALY_PM25,2016,13.738
GNQ,DALY_PM25,2017,12.776
GNQ,DALY_PM25,2018,12.479
SWZ,DALY_PM25,2010,13.065
SWZ,DALY_PM25,2011,12.64
SWZ,DALY_PM25,2012,12.45
SWZ,DALY_PM25,2013,12.18
SWZ,DALY_PM25,2014,11.928
SWZ,DALY_PM25,2015,11.745
FJI,DALY_PM25,2013,10.319
FJI,DALY_PM25,2014,10.536
FJI,DALY_PM25,2015,10.771
FJI,DALY_PM25,2016,11.166
FJI,DALY_PM25,2017,11.56
FJI,DALY_PM25,2018,11.75
FJI,DALY_PM25,2019,11.887
GRD,DALY_PM25,2010,11.244
GRD,DALY_PM25,2011,11.508
GRD,DALY_PM25,2012,11.694
GRD,DALY_PM25,2013,12.126
GTM,DALY_PM25,2017,6.988
GTM,DALY_PM25,2018,6.961
GTM,DALY_PM25,2019,7.143
GNB,DALY_PM25,2014,9.566
GNB,DALY_PM25,2015,9.503
GNB,DALY_PM25,2016,9.591
GNB,DALY_PM25,2017,9.362
GNB,DALY_PM25,2018,8.854
GNB,DALY_PM25,2019,8.497
HTI,DALY_PM25,2010,5.316
HND,DALY_PM25,2010,4.239
HND,DALY_PM25,2011,4.489
HND,DALY_PM25,2012,4.861
HND,DALY_PM25,2013,5.125
HND,DALY_PM25,2014,5.309
HND,DALY_PM25,2015,5.372
HND,DALY_PM25,2016,5.108
HND,DALY_PM25,2017,4.85
HND,DALY_PM25,2018,4.921
HND,DALY_PM25,2019,5.177
KAZ,DALY_PM25,2019,14.541
KIR,DALY_PM25,2016,5.116
KIR,DALY_PM25,2017,5.51
KIR,DALY_PM25,2018,5.716
KIR,DALY_PM25,2019,5.84
LBY,DALY_PM25,2010,13.675
LBY,DALY_PM25,2011,13.825
LBY,DALY_PM25,2012,13.659
LBY,DALY_PM25,2013,13.72
LBY,DALY_PM25,2014,13.956
LBY,DALY_PM25,2015,14.235
LBY,DALY_PM25,2016,14.512
MWI,DALY_PM25,2014,4.342
MWI,DALY_PM25,2015,4.225
MWI,DALY_PM25,2016,3.949
MWI,DALY_PM25,2017,3.62
MWI,DALY_PM25,2018,3.488
MWI,DALY_PM25,2019,3.379
AUS,DALY_PM25,2019,1.569
SVK,DALY_PM25,2010,16.669
SVK,DALY_PM25,2011,16.23
SVK,DALY_PM25,2012,15.437
SVK,DALY_PM25,2013,14.744
SVK,DALY_PM25,2014,14.24
TUR,DALY_PM25,2017,13.279
TUR,DALY_PM25,2018,13.03
TUR,DALY_PM25,2019,12.931
USA,DALY_PM25,2015,4.025
USA,DALY_PM25,2016,3.818
USA,DALY_PM25,2017,3.648
USA,DALY_PM25,2018,3.681
USA,DALY_PM25,2019,3.72
OECD,DALY_PM25,2010,7.21
OECD,DALY_PM25,2011,7.066
OECD,DALY_PM25,2012,6.925
OECD,DALY_PM25,2013,6.79
OECD,DALY_PM25,2014,6.629
OECD,DALY_PM25,2015,6.546
OECD,DALY_PM25,2016,6.347
AFG,DALY_PM25,2010,8.745
BRB,DALY_PM25,2010,11.182
BRB,DALY_PM25,2011,11.447
BRB,DALY_PM25,2012,11.684
BLZ,DALY_PM25,2010,5.781
BLZ,DALY_PM25,2011,5.879
BLZ,DALY_PM25,2012,6.071
BLZ,DALY_PM25,2013,6.434
BLZ,DALY_PM25,2014,6.787
BLZ,DALY_PM25,2015,7.033
BLZ,DALY_PM25,2016,7.036
BLZ,DALY_PM25,2017,7.03
BLZ,DALY_PM25,2018,7.253
BLZ,DALY_PM25,2019,7.524
BTN,DALY_PM25,2010,9.496
BTN,DALY_PM25,2011,9.87
BTN,DALY_PM25,2012,10.293
BTN,DALY_PM25,2013,10.72
BTN,DALY_PM25,2014,10.96
BIH,DALY_PM25,2013,23.588
BIH,DALY_PM25,2014,23.988
BIH,DALY_PM25,2015,24.83
BIH,DALY_PM25,2016,23.97
BIH,DALY_PM25,2017,23.423
BIH,DALY_PM25,2018,23.749
BIH,DALY_PM25,2019,24.021
BRN,DALY_PM25,2010,1.864
BRN,DALY_PM25,2011,1.994
BRN,DALY_PM25,2012,2.258
BRN,DALY_PM25,2013,2.596
BRN,DALY_PM25,2014,2.888
BRN,DALY_PM25,2015,3.042
BRN,DALY_PM25,2016,2.885
BRN,DALY_PM25,2017,2.741
BRN,DALY_PM25,2018,2.857
CMR,DALY_PM25,2019,19.377
TCD,DALY_PM25,2017,9.83
TCD,DALY_PM25,2018,9.813
TCD,DALY_PM25,2019,9.929
COM,DALY_PM25,2010,4.55
COM,DALY_PM25,2011,4.58
COM,DALY_PM25,2012,4.547
COM,DALY_PM25,2013,4.495
DOM,DALY_PM25,2010,8.008
DOM,DALY_PM25,2011,8.385
DOM,DALY_PM25,2012,9.145
DOM,DALY_PM25,2013,10.035
DOM,DALY_PM25,2014,10.535
ETH,DALY_PM25,2010,3.787
ETH,DALY_PM25,2011,3.793
ETH,DALY_PM25,2012,3.756
ETH,DALY_PM25,2013,3.717
ETH,DALY_PM25,2014,3.774
GAB,DALY_PM25,2011,15.982
GAB,DALY_PM25,2012,15.612
GAB,DALY_PM25,2013,15.29
GAB,DALY_PM25,2014,15.063
GAB,DALY_PM25,2015,14.698
GAB,DALY_PM25,2016,13.853
GAB,DALY_PM25,2017,13.078
GAB,DALY_PM25,2018,12.865
GAB,DALY_PM25,2019,12.963
GRD,DALY_PM25,2014,12.509
GRD,DALY_PM25,2015,12.649
GRD,DALY_PM25,2016,12.716
GRD,DALY_PM25,2017,12.41
GRD,DALY_PM25,2018,12.507
GRD,DALY_PM25,2019,12.753
HTI,DALY_PM25,2011,5.51
HTI,DALY_PM25,2012,5.684
HTI,DALY_PM25,2013,5.974
HTI,DALY_PM25,2014,6.211
HTI,DALY_PM25,2015,6.328
HTI,DALY_PM25,2016,6.323
HTI,DALY_PM25,2017,6.228
HTI,DALY_PM25,2018,6.244
HTI,DALY_PM25,2019,6.331
KEN,DALY_PM25,2010,5.583
KEN,DALY_PM25,2011,5.696
KEN,DALY_PM25,2012,5.773
KEN,DALY_PM25,2013,5.817
KEN,DALY_PM25,2014,5.802
KEN,DALY_PM25,2015,5.65
KEN,DALY_PM25,2016,5.347
KEN,DALY_PM25,2017,4.999
KWT,DALY_PM25,2015,11.87
KWT,DALY_PM25,2016,12.061
KWT,DALY_PM25,2017,12.332
KWT,DALY_PM25,2018,12.685
KWT,DALY_PM25,2019,13.119
MDG,DALY_PM25,2010,3.873
MDG,DALY_PM25,2011,3.924
MDG,DALY_PM25,2012,4.0
MDG,DALY_PM25,2013,4.081
MDG,DALY_PM25,2014,4.157
SEN,DALY_PM25,2010,9.666
SEN,DALY_PM25,2011,9.635
STP,DALY_PM25,2010,6.82
STP,DALY_PM25,2011,6.703
STP,DALY_PM25,2012,7.129
STP,DALY_PM25,2013,7.839
STP,DALY_PM25,2014,8.62
STP,DALY_PM25,2015,8.603
STP,DALY_PM25,2016,8.012
STP,DALY_PM25,2017,7.516
STP,DALY_PM25,2018,7.529
STP,DALY_PM25,2019,7.92
SAU,DALY_PM25,2010,18.877
SAU,DALY_PM25,2011,18.504
SAU,DALY_PM25,2012,18.231
SAU,DALY_PM25,2013,18.226
SAU,DALY_PM25,2014,18.172
SAU,DALY_PM25,2015,18.352
SAU,DALY_PM25,2016,18.388
SAU,DALY_PM25,2017,18.51
SAU,DALY_PM25,2018,18.746
SAU,DALY_PM25,2019,19.087
NZL,DALY_PM25,2010,1.522
ESP,DALY_PM25,2012,4.679
ESP,DALY_PM25,2013,4.487
ESP,DALY_PM25,2014,4.36
ESP,DALY_PM25,2015,4.282
ESP,DALY_PM25,2016,4.014
ESP,DALY_PM25,2017,3.876
ESP,DALY_PM25,2018,3.904
ESP,DALY_PM25,2019,3.95
EU27,DALY_PM25,2010,10.255
EU27,DALY_PM25,2011,9.945
EU27,DALY_PM25,2012,9.578
EU27,DALY_PM25,2013,9.062
EU27,DALY_PM25,2014,8.6
EU27,DALY_PM25,2015,8.401
EU27,DALY_PM25,2016,8.017
OECD,DALY_PM25,2017,6.248
OECD,DALY_PM25,2018,6.287
OECD,DALY_PM25,2019,6.349
BHS,DALY_PM25,2010,6.935
BHS,DALY_PM25,2011,7.01
BHS,DALY_PM25,2012,7.104
BHS,DALY_PM25,2013,7.251
BHS,DALY_PM25,2014,7.466
BHS,DALY_PM25,2015,7.71
BHS,DALY_PM25,2016,7.636
BRB,DALY_PM25,2013,12.24
BRB,DALY_PM25,2014,12.816
BRB,DALY_PM25,2015,13.187
BRB,DALY_PM25,2016,13.185
BRB,DALY_PM25,2017,13.192
BRB,DALY_PM25,2018,13.616
BRB,DALY_PM25,2019,14.375
BTN,DALY_PM25,2015,10.93
BTN,DALY_PM25,2016,10.486
BTN,DALY_PM25,2017,10.064
BTN,DALY_PM25,2018,10.046
BTN,DALY_PM25,2019,10.288
BFA,DALY_PM25,2010,8.256
BFA,DALY_PM25,2011,8.542
BFA,DALY_PM25,2012,9.065
BFA,DALY_PM25,2013,9.635
BFA,DALY_PM25,2014,10.019
BFA,DALY_PM25,2015,10.258
CPV,DALY_PM25,2010,8.952
CPV,DALY_PM25,2011,9.39
CHN,DALY_PM25,2015,22.588
CHN,DALY_PM25,2016,22.522
CHN,DALY_PM25,2017,22.231
CHN,DALY_PM25,2018,22.383
CHN,DALY_PM25,2019,22.936
COG,DALY_PM25,2010,12.32
COG,DALY_PM25,2011,12.608
DOM,DALY_PM25,2015,10.971
DOM,DALY_PM25,2016,11.036
DOM,DALY_PM25,2017,10.831
DOM,DALY_PM25,2018,10.727
DOM,DALY_PM25,2019,10.714
SLV,DALY_PM25,2011,6.036
SLV,DALY_PM25,2012,6.059
SLV,DALY_PM25,2013,6.639
SLV,DALY_PM25,2014,7.359
SLV,DALY_PM25,2015,7.534
SLV,DALY_PM25,2016,7.43
SLV,DALY_PM25,2017,7.335
SLV,DALY_PM25,2018,7.369
SLV,DALY_PM25,2019,7.525
ERI,DALY_PM25,2018,17.494
ERI,DALY_PM25,2019,18.085
GTM,DALY_PM25,2010,6.903
GTM,DALY_PM25,2011,7.054
GTM,DALY_PM25,2012,7.24
GTM,DALY_PM25,2013,7.437
GTM,DALY_PM25,2014,7.566
GTM,DALY_PM25,2015,7.575
GTM,DALY_PM25,2016,7.347
GNB,DALY_PM25,2010,9.629
GNB,DALY_PM25,2011,9.436
GNB,DALY_PM25,2012,9.255
GNB,DALY_PM25,2013,9.453
IND,DALY_PM25,2010,18.669
IND,DALY_PM25,2011,19.662
IND,DALY_PM25,2012,20.907
IND,DALY_PM25,2013,22.047
IND,DALY_PM25,2014,22.451
IND,DALY_PM25,2015,22.786
IND,DALY_PM25,2016,22.203
IND,DALY_PM25,2017,21.782
LAO,DALY_PM25,2010,8.307
LAO,DALY_PM25,2011,7.882
LSO,DALY_PM25,2010,16.276
LSO,DALY_PM25,2011,16.686
LSO,DALY_PM25,2012,17.029
LSO,DALY_PM25,2013,17.149
LSO,DALY_PM25,2014,17.243
LSO,DALY_PM25,2015,17.112
LSO,DALY_PM25,2016,16.499
LSO,DALY_PM25,2017,15.972
LBY,DALY_PM25,2017,14.826
LBY,DALY_PM25,2018,15.257
LBY,DALY_PM25,2019,15.811
MYS,DALY_PM25,2012,9.286
MYS,DALY_PM25,2013,9.137
MYS,DALY_PM25,2014,9.519
MYS,DALY_PM25,2015,9.713
MYS,DALY_PM25,2016,9.405
MYS,DALY_PM25,2017,9.078
MYS,DALY_PM25,2018,9.186
MYS,DALY_PM25,2019,9.492
PHL,DALY_PM25,2010,9.581
PHL,DALY_PM25,2011,9.501
PHL,DALY_PM25,2012,9.477
PHL,DALY_PM25,2013,9.423
PHL,DALY_PM25,2014,9.433
PHL,DALY_PM25,2015,9.548
PHL,DALY_PM25,2016,9.509
PHL,DALY_PM25,2017,9.515
PHL,DALY_PM25,2018,9.564
PHL,DALY_PM25,2019,9.785
PER,DALY_PM25,2010,7.438
PER,DALY_PM25,2011,7.472
PER,DALY_PM25,2012,7.493
PER,DALY_PM25,2013,7.562
PER,DALY_PM25,2014,7.458
PER,DALY_PM25,2015,7.369
PER,DALY_PM25,2016,7.376
PER,DALY_PM25,2017,7.33
PER,DALY_PM25,2018,7.356
PER,DALY_PM25,2019,7.425
PRY,DALY_PM25,2010,4.017
PRY,DALY_PM25,2011,3.858
PRY,DALY_PM25,2012,3.698
PRY,DALY_PM25,2013,3.639
PRY,DALY_PM25,2014,3.489
PRY,DALY_PM25,2015,3.461
PRY,DALY_PM25,2016,3.693
PRY,DALY_PM25,2017,3.851
PRY,DALY_PM25,2018,3.952
PRY,DALY_PM25,2019,4.064
MHL,DALY_PM25,2010,6.554
MHL,DALY_PM25,2011,6.616
MHL,DALY_PM25,2012,6.665
MHL,DALY_PM25,2013,6.713
MHL,DALY_PM25,2014,6.78
MHL,DALY_PM25,2015,6.883
MHL,DALY_PM25,2016,7.116
MHL,DALY_PM25,2017,7.375
MHL,DALY_PM25,2018,7.534
MHL,DALY_PM25,2019,7.663
MLT,DALY_PM25,2010,9.639
MLT,DALY_PM25,2011,9.508
MLT,DALY_PM25,2012,9.024
MLT,DALY_PM25,2013,8.344
MLT,DALY_PM25,2014,7.717
MLT,DALY_PM25,2015,7.127
MLT,DALY_PM25,2016,6.838
MLT,DALY_PM25,2017,6.668
MLT,DALY_PM25,2018,6.777
MLT,DALY_PM25,2019,7.1
MUS,DALY_PM25,2010,12.336
MUS,DALY_PM25,2011,12.26
MUS,DALY_PM25,2012,12.333
MUS,DALY_PM25,2013,12.191
MUS,DALY_PM25,2014,12.559
MUS,DALY_PM25,2015,12.741
MUS,DALY_PM25,2016,12.871
MUS,DALY_PM25,2017,13.01
MUS,DALY_PM25,2018,13.39
MUS,DALY_PM25,2019,13.706
MOZ,DALY_PM25,2010,3.19
MOZ,DALY_PM25,2011,3.216
MOZ,DALY_PM25,2012,3.319
MOZ,DALY_PM25,2013,3.361
MOZ,DALY_PM25,2014,3.376
MOZ,DALY_PM25,2015,3.322
MOZ,DALY_PM25,2016,3.181
MOZ,DALY_PM25,2017,3.053
MOZ,DALY_PM25,2018,2.981
MOZ,DALY_PM25,2019,2.966
MMR,DALY_PM25,2010,14.404
MMR,DALY_PM25,2011,14.109
MMR,DALY_PM25,2012,13.698
MMR,DALY_PM25,2013,13.488
MMR,DALY_PM25,2014,13.245
MMR,DALY_PM25,2015,13.048
MMR,DALY_PM25,2016,12.918
MMR,DALY_PM25,2017,12.825
MMR,DALY_PM25,2018,13.0
MMR,DALY_PM25,2019,13.475
MRT,DALY_PM25,2010,14.597
MRT,DALY_PM25,2011,14.571
MRT,DALY_PM25,2012,15.016
MRT,DALY_PM25,2013,15.107
MRT,DALY_PM25,2014,14.686
MRT,DALY_PM25,2015,14.522
MRT,DALY_PM25,2016,13.856
MRT,DALY_PM25,2017,13.509
MRT,DALY_PM25,2018,12.979
MRT,DALY_PM25,2019,12.679
MAR,DALY_PM25,2010,18.711
MAR,DALY_PM25,2011,18.655
MAR,DALY_PM25,2012,18.696
MAR,DALY_PM25,2013,19.205
MAR,DALY_PM25,2014,19.251
MAR,DALY_PM25,2015,19.379
MAR,DALY_PM25,2016,19.858
MAR,DALY_PM25,2017,20.415
MAR,DALY_PM25,2018,20.768
MAR,DALY_PM25,2019,21.034
FSM,DALY_PM25,2010,8.405
FSM,DALY_PM25,2011,8.649
FSM,DALY_PM25,2012,9.038
FSM,DALY_PM25,2013,9.479
FSM,DALY_PM25,2014,9.859
FSM,DALY_PM25,2015,10.028
FSM,DALY_PM25,2016,9.529
FSM,DALY_PM25,2017,9.015
FSM,DALY_PM25,2018,9.105
FSM,DALY_PM25,2019,9.478
MNG,DALY_PM25,2010,18.991
MNG,DALY_PM25,2011,19.79
MNG,DALY_PM25,2012,20.501
MNG,DALY_PM25,2013,21.109
MNG,DALY_PM25,2014,21.383
MNG,DALY_PM25,2015,21.147
MNG,DALY_PM25,2016,21.159
MNG,DALY_PM25,2017,21.402
MNG,DALY_PM25,2018,21.883
MNG,DALY_PM25,2019,22.82
MNE,DALY_PM25,2010,22.514
MNE,DALY_PM25,2011,22.288
MNE,DALY_PM25,2012,21.81
MNE,DALY_PM25,2013,21.69
MNE,DALY_PM25,2014,21.611
MNE,DALY_PM25,2015,21.44
MNE,DALY_PM25,2016,21.071
MNE,DALY_PM25,2017,20.701
MNE,DALY_PM25,2018,20.261
MNE,DALY_PM25,2019,20.022
MDA,DALY_PM25,2010,20.018
MDA,DALY_PM25,2011,17.678
MDA,DALY_PM25,2012,17.263
MDA,DALY_PM25,2013,16.232
MDA,DALY_PM25,2014,16.325
MDA,DALY_PM25,2015,16.178
MDA,DALY_PM25,2016,14.054
MDA,DALY_PM25,2017,11.959
MDA,DALY_PM25,2018,11.874
MDA,DALY_PM25,2019,12.046
